t,FR,FL,BR,BL,torque
0.004146099090576172,-0.3401278463227787,-0.3527351542176815,-0.34022431950174864,-0.3526360266032564,
0.007971763610839844,-0.21726558248632002,-0.22611061825415085,-0.21720812184751076,-0.22616962045157424,
0.01910686492919922,-0.06163239419482454,-0.0672325817978432,-0.061666289854016135,-0.06719768209198325,
0.033843994140625,-0.014995508968116904,-0.018654405011783764,-0.014980190366229142,-0.0186701020580598,
0.042395591735839844,0.0,0.0,0.0,0.0,
0.047571659088134766,0.0,0.0,0.0,0.0,
0.05716252326965332,0.0,0.0,0.0,0.0,
0.06336641311645508,0.0,0.0,0.0,0.0,
0.0691075325012207,0.0,0.0,0.0,0.0,
0.08106637001037598,0.0,0.0,0.0,0.0,
0.08604598045349121,0.0,0.0,0.0,0.0,
0.10204267501831055,0.0,0.0,0.0,0.0,
0.11424756050109863,0.0,0.0,0.0,0.0,
0.13784050941467285,0.0,0.0,0.0,0.0,
0.1445319652557373,0.0,0.0,0.0,0.0,
0.160797119140625,0.0,0.0,0.0,0.0,
0.17843031883239746,0.0,0.0,0.0,0.0,
0.1856527328491211,0.0,0.0,0.0,0.0,
0.1937556266784668,0.0,0.0,0.0,0.0,
0.21080732345581055,0.0,0.0,0.0,0.0,
0.22540545463562012,0.0,0.0,0.0,0.0,
0.23940134048461914,0.0,0.0,0.0,0.0,
0.251131534576416,0.0,0.0,0.0,0.0,
0.26199913024902344,0.0,0.0,0.0,0.0,
0.27724409103393555,0.0,0.0,0.0,0.0,
0.28734421730041504,0.0,0.0,0.0,0.0,
0.2973136901855469,0.0,0.0,0.0,0.0,
0.30309104919433594,0.0,0.0,0.0,0.0,
0.308438777923584,0.0,0.0,0.0,0.0,
0.32016611099243164,0.0,0.0,0.0,0.0,
0.33377742767333984,0.0,0.0,0.0,0.0,
0.3389573097229004,0.0,0.0,0.0,0.0,
0.36782312393188477,0.0,0.0,0.0,0.0,
0.383434534072876,0.0,0.0,0.0,0.0,
0.39977025985717773,0.0,0.0,0.0,0.0,
0.4127988815307617,0.0,0.0,0.0,0.0,
0.4465048313140869,0.0,0.0,0.0,0.0,
0.45505666732788086,0.0,0.0,0.0,0.0,
0.4588186740875244,0.0,0.0,0.0,0.0,
0.4745903015136719,0.0,0.0,0.0,0.0,
0.4991908073425293,0.0,0.0,0.0,0.0,
0.5125026702880859,0.0,0.0,0.0,0.0,
0.5206835269927979,0.0,0.0,0.0,0.0,
0.529543399810791,0.0,0.0,0.0,0.0,
0.539074182510376,0.0,0.0,0.0,0.0,
0.5554919242858887,0.0,0.0,0.0,0.0,
0.5601949691772461,0.0,0.0,0.0,0.0,
0.562744140625,0.0,0.0,0.0,0.0,
0.5682964324951172,0.0,0.0,0.0,0.0,
0.5752673149108887,0.0,0.0,0.0,0.0,
0.5920059680938721,0.0,0.0,0.0,0.0,
0.5964782238006592,0.0,0.0,0.0,0.0,
0.6011319160461426,0.0,0.0,0.0,0.0,
0.6113970279693604,0.0,0.0,0.0,0.0,
0.6195111274719238,0.0,0.0,0.0,0.0,
0.6247470378875732,0.0,0.0,0.0,0.0,
0.6323587894439697,0.0,0.0,0.0,0.0,
0.6410171985626221,0.0,0.0,0.0,0.0,
0.6605448722839355,0.0,0.0,0.0,0.0,
0.6691486835479736,0.0,0.0,0.0,0.0,
0.6791279315948486,0.0,0.0,0.0,0.0,
0.6911835670471191,0.0,0.0,0.0,0.0,
0.7080745697021484,0.0,0.0,0.0,0.0,
0.7185153961181641,0.0,0.0,0.0,0.0,
0.7236981391906738,0.0,0.0,0.0,0.0,
0.7349579334259033,-0.0014294464172780168,-0.0012215938781487187,-0.0014287340389523805,-0.0012223170854038816,
0.7450242042541504,-0.003234195552089589,-0.003042229825502835,-0.003233532827671417,-0.003042902216026961,
0.7494480609893799,-0.004960569319197352,-0.004783893266627923,-0.004959954466726391,-0.00478451670217025,
0.7527391910552979,-0.006611155244567453,-0.006449194289017496,-0.006610586521802575,-0.006449770588041551,
0.758042573928833,-0.008188472190879113,-0.008040673299852606,-0.008187947896561135,-0.008041204236821049,
0.7666034698486328,-0.009694971725713451,-0.009560802458107753,-0.00969449020038953,-0.009561289762282607,
0.7718274593353271,-0.011133039441900642,-0.011011987052666306,-0.011132599068344986,-0.01101243240803302,
0.7807869911193848,-0.012504996238551124,-0.01239656683713775,-0.012504595442496687,-0.01239697188138909,
0.7869703769683838,-0.013813099568123505,-0.013716817325196692,-0.013812736818233414,-0.013717183650094748,
0.7917892932891846,-0.0150595446562118,-0.01497495105493157,-0.015059218464232017,-0.014975280206049305,
0.7956080436706543,-0.016246465696963426,-0.01617311882553361,-0.01624617461784353,-0.01617341230226932,
0.8019335269927979,-0.017375937030197578,-0.017313410911528722,-0.01737567966149395,-0.017313670167730263,
0.8101499080657959,-0.018449974301448707,-0.01839785825797206,-0.01844974928334426,-0.018398084701899027,
0.818218469619751,-0.019470535609261215,-0.01942843365912894,-0.019470341623990424,-0.019428628654370925,
0.823544979095459,-0.020439522640709726,-0.02040705292439409,-0.020439358412104456,-0.020407217790113813,
0.8269364833831787,-0.021358781798066707,-0.021335576031378208,-0.021358646090912977,-0.02133571204314479,
0.83024001121521,-0.022230105316676414,-0.022215808269957893,-0.022229996936092164,-0.02221591666056979,
0.8450150489807129,-0.023055232376203407,-0.023049501376874268,-0.02305515016675253,-0.02304958333704868,
0.8526842594146729,-0.023835850204872014,-0.023838354662477187,-0.023835793050120624,-0.023838411341795568,
0.8571412563323975,-36.008557622799714,-22.12044262421652,-36.07105274234105,-21.931110657663083,
0.8670370578765869,-44.602160509521504,-50.45946843716239,-43.57235577318863,-51.58094630782111,
0.8823730945587158,-30.861387367580875,-31.21399599706389,-30.325211875330343,-31.765445710622075,
0.8971555233001709,-27.157964546586282,-27.366136469213288,-26.672598041164004,-27.863516159010047,
0.9060590267181396,-23.99792858809558,-24.063459326687767,-23.55849703504663,-24.51007764968784,
0.9186749458312988,-21.38791867989033,-21.354463893679654,-20.986383035064783,-21.760268590847495,
0.9225025177001953,-19.212686355025404,-19.110789102117128,-18.841572584286453,-19.482932396883648,
0.9291946887969971,-17.41042242884342,-17.261992852982313,-17.06731004062687,-17.60699380573202,
0.9517292976379395,-15.888798243541064,-17.14647720038085,-16.999621965103977,-16.030999305364034,
0.9551784992218018,-14.524727719993594,-15.14842832543911,-15.044232313336968,-14.62489060613565,
0.9582111835479736,-13.40654593784795,-13.728642674673168,-13.717126614275521,-13.475559216765024,
0.9635403156280518,-12.465088382074008,-12.794358857940813,-12.719098334871363,-12.51411954437528,
0.9711363315582275,-11.669131224014713,-11.983269419360168,-11.94750968485796,-11.699571336470088,
0.9758949279785156,-10.990357844585581,-11.277724437981279,-11.256506831682874,-11.007705946544236,
0.9797639846801758,-10.419029330862898,-10.685766978354474,-10.675456306458534,-10.426972013133192,
0.9915175437927246,-9.924091451755872,-10.172592943472761,-10.17027617943123,-9.924442028236427,
1.000037670135498,-9.502245917605991,-9.734063404631996,-9.737206087873597,-9.49693419141564,
1.0171518325805664,-9.140774542674766,-9.360852209734537,-9.369206768244227,-9.131044238739324,
1.0251080989837646,-8.830554626170299,-9.039477014289202,-9.051307952255504,-8.817464082545985,
1.0330619812011719,-8.564038136441713,-8.762996372923277,-8.777440322966877,-8.548347588450138,
1.0445935726165771,-8.334841859170828,-8.525694820438845,-8.542461297718976,-8.317099216100285,
1.0552527904510498,-8.137573293624493,-8.321135319229636,-8.3396429959901,-8.118228164626643,
1.0658979415893555,-7.967684222454161,-8.144757473738483,-8.164646803493367,-7.947071253395071,
1.0780839920043945,-7.821315975503036,-7.992575590834627,-8.013566170446458,-7.799691206794752,
1.082533359527588,-7.695187851779395,-7.861285472607489,-7.883217402655189,-7.672742601679028,
1.0883455276489258,-8.206222308696555,-7.749873204635725,-7.784117089827376,-7.579501494606206,
1.0975244045257568,-7.807308576060179,-7.642264196779983,-7.651039237128464,-8.222840030079993,
1.1027381420135498,-7.705001376087359,-7.531381285948725,-7.556475827253036,-7.793922596096695,
1.1104562282562256,-7.616544816889465,-7.438806989698234,-7.465552358491384,-7.678239863116205,
1.121565580368042,-7.5519915575562155,-7.360743527017533,-7.388815583690296,-7.555315026556338,
1.1287720203399658,-7.4843325878471845,-7.295971840627004,-7.324489832836784,-7.420126675419355,
1.140190601348877,-7.416576590708893,-7.236375895455573,-7.262743249170258,-7.388800949589674,
1.1617240905761719,-7.373862152565056,-7.19348558549245,-7.2200361338070875,-7.345436688743899,
1.166649341583252,-7.326952936796063,-7.150436317137525,-7.176794045979027,-7.298841023154674,
1.1703462600708008,-7.288054201197011,-7.114825911959898,-7.141113468202847,-7.2603224585546045,
1.1824166774749756,-7.254541968432353,-7.084365774912786,-7.110642438782196,-7.226995269266126,
1.191467046737671,-7.226697535666913,-7.058350649160675,-7.0846727275502195,-7.198974700582262,
1.2041640281677246,-7.202082342938699,-7.03622758143059,-7.06259969531132,-7.1744063502023385,
1.2131175994873047,-7.181136195897457,-7.017476873221697,-7.043924868847322,-7.153427433185696,
1.2173488140106201,-7.163059160459054,-7.001667825297384,-7.028202745137199,-7.1353677475282105,
1.2287747859954834,-7.147831259791995,-6.988410425061954,-7.015051454131434,-7.120060729865442,
1.2333767414093018,-7.134978981423866,-6.977371448850499,-7.004129530249231,-7.107097676751879,
1.2414333820343018,-7.124095961831954,-6.968257754665667,-6.995138893380773,-7.0961078691433315,
1.2466893196105957,-7.114962522879676,-6.960811198745913,-6.987821190253425,-7.0868591417181825,
1.2562696933746338,-7.107347666120787,-6.954806726664573,-6.981950154946268,-7.079122100593713,
1.2676844596862793,-7.101048456763468,-6.950046976814514,-6.977327446002632,-7.072695162756196,
1.2822582721710205,-7.095904522434864,-6.946358543099119,-6.9737792158236935,-7.067418503863576,
1.288459062576294,-7.091765652904109,-6.943588423601876,-6.971152961743339,-7.0631216695469385,
1.303957223892212,-7.088403241867477,-6.941604688544129,-6.969312032897991,-7.059631669579994,
1.3102667331695557,-7.094560564869125,-7.229176124313244,-7.2807545078312055,-7.065404230652478,
1.330312967300415,-7.074756659698364,-7.282415542105456,-7.301539746233852,-7.045907073424192,
1.336531639099121,-7.064829080388615,-7.125462082641594,-7.166162927364998,-7.035509410662847,
1.3517563343048096,-7.053406788226526,-7.122722078569621,-7.141736706265423,-7.0242969525115075,
1.3565332889556885,-7.0445110812572365,-7.121864702007147,-7.146766546234211,-7.014938348355954,
1.3771953582763672,-7.0367569550439475,-7.111063052494204,-7.137100893573764,-7.006971136118121,
1.3905282020568848,-7.029981859730785,-7.107682576068161,-7.137403780209107,-7.000007235804375,
1.3990437984466553,-7.024013366316393,-7.094045830896629,-7.121035095974351,-6.99386877266323,
1.411801815032959,-7.018841071901646,-7.085561101887634,-7.111244586852678,-6.988543460061689,
1.4167559146881104,-7.014439137097848,-7.085870827044791,-7.115903576352099,-6.984005563759746,
1.4204564094543457,-7.010486759907968,-7.076624546634935,-7.1047640609471125,-6.979890708219505,
1.4251878261566162,-7.006962493619668,-7.0711629830183975,-7.099052499902956,-6.97622008081186,
1.4383676052093506,-7.0037299016808,-7.065875502739369,-7.093521991688486,-6.972847986474123,
1.4446215629577637,-7.002239292460615,-7.071038824177199,-7.104355012000577,-6.9713084621603985,
1.4506433010101318,-6.9977917526027165,-7.052695601469196,-7.077939249249933,-6.966552304028479,
1.4576010704040527,-6.998413607417824,-7.064539660615626,-7.09807849663768,-6.967238625955741,
1.468369960784912,-6.992096811227473,-7.044332938847739,-7.069670054777251,-6.960523908597657,
1.4721426963806152,-6.996024084934786,-7.058198357049511,-7.091137406235908,-6.96451118253418,
1.479691505432129,-6.996423843090129,-7.061116344985512,-7.097397874220949,-6.9650613364607645,
1.5042827129364014,-6.98946077223176,-7.042093771049558,-7.071409450933928,-6.957429560602086,
1.5189759731292725,-6.989692680510995,-7.044031021314415,-7.0742752784580105,-6.9577437437859775,
1.5300498008728027,-6.98847232690354,-7.042174324889111,-7.073097058165819,-6.9563276825104525,
1.5408692359924316,-6.987263318698504,-7.039930247238798,-7.071031028855877,-6.954961178995483,
1.549490213394165,-6.986069864489621,-7.037779065471096,-7.069170375986584,-6.953609571338641,
1.5553715229034424,-6.9848669626734745,-7.035336613333034,-7.066698847399838,-6.952255796751673,
1.5700194835662842,-6.983648405845965,-7.032983375135631,-7.064450583679155,-6.950882275637734,
1.5755972862243652,-6.982402442205413,-7.030876069128599,-7.062580325923701,-6.949480635092497,
1.5823040008544922,-6.9772406882119045,-7.023323586227483,-7.054225572693963,-6.944213096317392,
1.6213243007659912,-6.981743777476663,-7.029178776603937,-7.061812478216271,-6.94849971958747,
1.6319875717163086,-6.978515127731243,-7.024261656769973,-7.056561322795046,-6.945140864689033,
1.6450676918029785,-6.977004793400628,-7.0218599396115735,-7.054302027433124,-6.94348275385161,
1.66294527053833,-7.2936350648200925,-7.0302899068963205,-7.063982003891198,-7.259886260787889,
1.6662507057189941,-7.128021559330866,-7.008442168974514,-7.0405262084505535,-7.093835066059579,
1.6705398559570312,-7.117631425881084,-7.003294778995778,-7.036147566756742,-7.083323186044555,
1.688082218170166,-7.1036941081891865,-6.994196701142192,-7.027166302133308,-7.070368570303824,
1.7013700008392334,-7.094870920292668,-6.9853214653219675,-7.018675553442537,-7.033023525264418,
1.713057518005371,-7.061129095253752,-6.977131334119465,-7.010047912426755,-7.037665211351085,
1.718186855316162,-7.064043153989891,-6.969595565377402,-7.002921099649485,-7.032474221135969,
1.7335991859436035,-7.062983017483966,-6.963746956449642,-6.997419916528935,-7.027210613671016,
1.7439918518066406,-7.045517537091509,-6.954488483397338,-6.98815074726221,-7.013218306159915,
1.7532296180725098,-7.047581807625628,-6.95105518813949,-6.98514413072467,-7.012218362952864,
1.7598161697387695,-7.037736196932697,-6.943734467548244,-6.977919223072478,-7.002905184200261,
1.774764060974121,-7.03082722883404,-6.9375627916375375,-6.971907113759185,-6.996128237439132,
1.7793748378753662,-7.018405708175335,-6.927343089188669,-6.961698553324391,-6.9846925164177165,
1.7862205505371094,-7.021565784672777,-6.927842838783773,-6.962639623502264,-6.985505476557447,
1.7991139888763428,-7.0123312967187,-6.920005880564882,-6.954797641679827,-6.97682604160254,
1.8063244819641113,-7.005722010273264,-6.914325768646474,-6.949292344326244,-6.97022021324974,
1.8192164897918701,-7.000002162661537,-6.908728192570354,-6.943847508049201,-6.964206627556982,
1.8323407173156738,-6.99410244484155,-6.9032200536031025,-6.938474160977263,-6.958123424507421,
1.8421032428741455,-6.988266898146665,-6.8977416863993515,-6.933182593752415,-6.9521089252867165,
1.8504292964935303,-6.982485659743686,-6.892308545565383,-6.92787815717639,-6.946154616545915,
1.8656513690948486,-6.976470092289395,-6.886914888890256,-6.922626174973054,-6.940123296312966,
1.8791048526763916,-6.970958815066932,-6.881545622660071,-6.917403293852179,-6.934348341867629,
1.8881561756134033,-6.965366438023976,-6.876214813129493,-6.913271157194979,-6.928528965833982,
1.906141996383667,-6.9596416946402595,-6.87135423146721,-6.906412213445155,-6.922728070626708,
1.9189047813415527,-6.9540335793719334,-6.865258384989005,-6.901772134665366,-6.916909612831125,
1.9255266189575195,-6.948411214847292,-6.860188021281174,-6.8966000938433005,-6.911136033023087,
1.9294955730438232,-6.942801179046711,-6.854855134456323,-6.8914075221701685,-6.905368511384569,
1.9426782131195068,-6.937192161823999,-6.8495108450150015,-6.88620688324716,-6.899603621731361,
1.952894687652588,-6.931580099096399,-6.844154838253688,-6.88099353946769,-6.893837480785097,
1.964247703552246,-6.925961603146302,-6.838783353570366,-6.875764284448778,-6.888066476797606,
1.9849388599395752,-6.920333677313689,-6.833393579760246,-6.870516359257676,-6.882287458141198,
1.9891042709350586,-6.91462412991429,-6.8279831513844504,-6.865247019608501,-6.876463213627815,
1.9942619800567627,-6.908999936814489,-6.822549851877605,-6.8599553261802155,-6.870679010116467,
2.0069737434387207,-6.903335473581036,-6.817092762159968,-6.854639367475919,-6.86486186753771,
2.0144448280334473,-6.89764846604453,-6.8116097599189445,-6.849296975000719,-6.859027148514527,
2.026287794113159,-6.891941957747209,-6.806099536894277,-6.84392696734742,-6.853174049443985,
2.030515432357788,-6.8862147629672705,-6.800561120053878,-6.838528387141098,-6.84730129642226,
2.0378241539001465,-6.880465927997846,-6.794993753888175,-6.83310048535921,-6.841407873970466,
2.0507888793945312,-6.874694704751246,-6.7893968771875635,-6.827642703779029,-6.835492975034038,
2.0643889904022217,-6.868900521114049,-6.783770106552248,-6.822154657657616,-6.829555978704723,
2.0713157653808594,-6.863082968192732,-6.778113218422405,-6.816636118791077,-6.823596434140914,
2.0841875076293945,-6.857241782754492,-6.772426133766222,-6.811087002152248,-6.817614044137794,
2.0929293632507324,-6.851376835362238,-6.766708904471452,-6.805507351396451,-6.811608650206394,
2.1042404174804688,-6.853975556449223,-6.768779047747178,-6.97604175325297,-6.812582582478275,
2.116332769393921,-6.8352267471060095,-6.933633996742091,-6.870256746224269,-6.7970053113279825,
2.1306214332580566,-6.830769937087601,-6.833628788144214,-6.85483154823217,-6.7915892697952716,
2.137032985687256,-6.82106248477345,-6.823069184061193,-6.849087545041979,-6.781224543697927,
2.154942512512207,-6.811626028511477,-6.8104548156668585,-6.838690266076107,-6.771295252879878,
2.1600654125213623,-6.802374140606079,-6.799581875994495,-6.82911154960573,-6.761655919842092,
2.165097951889038,-6.793309349392881,-6.790584709542391,-6.823311692343345,-6.752272784644764,
2.1702563762664795,-6.784364912398917,-6.778908388815312,-6.811212027241873,-6.743125628293573,
2.1813302040100098,-6.775434196001278,-6.76708915997569,-6.799107475514056,-6.734011945236987,
2.1867997646331787,-6.766861933093897,-6.758518189861379,-6.7968559471796715,-6.725234712080593,
2.19362735748291,-6.758065939599396,-6.743729781552054,-6.783326615297402,-6.71636228624955,
2.2071962356567383,-6.750846979239295,-6.7414749682262185,-6.782416511410851,-6.709032936181467,
2.2176923751831055,-6.740459637693312,-6.726162037097572,-6.7645108044840025,-6.698692347186442,
2.2347519397735596,-6.735160121573346,-6.72498977534862,-6.7644575323025835,-6.693233880277159,
2.2403056621551514,-6.7225219777527485,-6.707061568075028,-6.744073919087595,-6.680653388836451,
2.244513988494873,-6.720533926573806,-6.7073845406908355,-6.745655874440807,-6.678443133498334,
2.257528781890869,-6.714678496871482,-6.70321051062117,-6.747204676631635,-6.672471011110002,
2.2695653438568115,-6.701184055469549,-6.689118863594045,-6.732702259627086,-6.6590219945155305,
2.277897596359253,-6.695552271525296,-6.67952540147491,-6.724955354865476,-6.653308665217757,
2.2941601276397705,-6.687982394978544,-6.673232772483424,-6.717198317266488,-6.645704857409465,
2.3031721115112305,-6.676735501269272,-6.661056492009493,-6.7034652169245135,-6.634447010669845,
2.3256163597106934,-6.675158562218932,-6.660156321733447,-6.699302805440054,-6.63275049134113,
2.330122232437134,-6.665915803643254,-6.65030824828341,-6.691912137969889,-6.6233898676909755,
2.333259105682373,-6.658685361349546,-6.642703947933542,-6.684575843171976,-6.6160476650129265,
2.3466124534606934,-6.6515322251324855,-6.635261976911874,-6.677463475702058,-6.608780663386314,
2.3535263538360596,-6.644415141761514,-6.627758591768132,-6.670251891263716,-6.601570322034413,
2.3680732250213623,-6.6373619554536525,-6.620231433756131,-6.662748634709005,-6.594406585180661,
2.3890933990478516,-6.630348626380641,-6.612958824992677,-6.655509454618104,-6.587287576036507,
2.3968582153320312,-6.62338397741248,-6.605679593312484,-6.648324455302577,-6.5802158560742,
2.4089903831481934,-6.616464119339031,-6.598444104766694,-6.641192119651146,-6.573188027769929,
2.4145584106445312,-6.609586654705179,-6.591236600114154,-6.634109808433243,-6.5662020607590765,
2.421757698059082,-6.602705358421458,-6.583989347076046,-6.627074959998549,-6.559215049775589,
2.436323404312134,-6.595789328950222,-6.576849253522201,-6.62008556854653,-6.552189094785291,
2.4581778049468994,-6.588980627680062,-6.569757403012055,-6.613138782254067,-6.545272824273886,
2.476055860519409,-6.582214566988513,-6.56271296765805,-6.60623455628631,-6.53839961362306,
2.4839885234832764,-6.575488707243382,-6.555697649175013,-6.599319879805633,-6.5315672329230825,
2.4928712844848633,-6.568801420585728,-6.548730018777414,-6.592437761419769,-6.524773532365771,
2.5080180168151855,-6.562151939473769,-6.54181316015512,-6.585645438878327,-6.518017104806139,
2.5210342407226562,-6.555538463921895,-6.534933247265485,-6.578879307813196,-6.511297071161347,
2.524845600128174,-6.548959402062487,-6.528091857391663,-6.572151250072566,-6.504611736541824,
2.529468059539795,-6.542413438723654,-6.521287661564546,-6.56545989675838,-6.497959846315359,
2.536769151687622,-6.535899404734234,-6.514519461700491,-6.558803998353183,-6.491340283706901,
2.541313648223877,-6.529416264395898,-6.507786186267865,-6.552182440435918,-6.484752057652847,
2.5549073219299316,-6.522963103596453,-6.501086879707321,-6.545594231819907,-6.478194292165101,
2.561673402786255,-6.516539118918987,-6.4944206927842725,-6.539038493574504,-6.471666216523381,
2.573590040206909,-6.51014360772071,-6.487786873509215,-6.53251444912768,-6.465167156180516,
2.5891687870025635,-6.5037759590496185,-6.481184758941078,-6.52602141510672,-6.458696524468854,
2.5964696407318115,-6.497435645364182,-6.474613767462074,-6.519558793011788,-6.45225381487435,
2.6009278297424316,-6.491122214885981,-6.468073391775404,-6.513126061571682,-6.445838593942622,
2.605631113052368,-6.484835284729315,-6.46156319238884,-6.506722769777136,-6.439450494762499,
2.6150879859924316,-6.478574534432919,-6.455082791587014,-6.500348530492485,-6.4330892109208335,
2.6296141147613525,-6.472339700187817,-6.448631867969367,-6.494003014545452,-6.4267544909905565,
2.6368305683135986,-6.466130569487522,-6.442210151294382,-6.487685945400151,-6.420446133397743,
2.647725820541382,-6.459946976197587,-6.435817417828607,-6.481397094206049,-6.414163981734216,
2.653374671936035,-6.453788796080054,-6.429453486006681,-6.475136275288506,-6.407907920444839,
2.6595547199249268,-6.4476559426590105,-6.42311821244467,-6.46890334199377,-6.401677870827235,
2.6709089279174805,-6.441548271128177,-6.416803093560897,-6.462679016095852,-6.395473747785553,
2.6784870624542236,-6.435465790743138,-6.410521832662473,-6.456485953254594,-6.389295531968341,
2.691228151321411,-6.429408847565206,-6.404269624334222,-6.450327528236476,-6.38314337076102,
2.7093708515167236,-6.423377439695166,-6.3980460320392485,-6.4441980215301395,-6.377017398049135,
2.72383189201355,-6.417371569489911,-6.391851051276456,-6.4380972628097215,-6.370917654110377,
2.7349627017974854,-6.411391266755982,-6.385684695223557,-6.432025132460776,-6.3648441969458895,
2.7518138885498047,-6.405436585024815,-6.379546992345814,-6.4259815452047055,-6.358797100974682,
2.755934000015259,-6.399507598404372,-6.373437985078387,-6.419966445984207,-6.352776455417039,
2.7629106044769287,-6.393604398812073,-6.3673577285286465,-6.413979806315207,-6.346782362707362,
2.7705495357513428,-6.3877270934483,-6.361306289250002,-6.408021621080419,-6.3408149370497275,
2.7771966457366943,-6.381875802627732,-6.355283743992314,-6.402091905551646,-6.334874302987629,
2.7817487716674805,-6.376050657704795,-6.349290178551566,-6.396190692810041,-6.328960594081391,
2.7924065589904785,-6.370251799412667,-6.343325686637989,-6.390318031366693,-6.3230739515763235,
2.8084731101989746,-6.364479376138243,-6.337390368838733,-6.384473983089753,-6.317214523303341,
2.8217179775238037,-6.358733542562757,-6.331484331594454,-6.378658621251419,-6.311382462523577,
2.830054521560669,-6.353014458365253,-6.325607686257839,-6.372872028838534,-6.305577926887862,
2.837743043899536,-6.347322287030596,-6.319760548210184,-6.367114297001036,-6.299801077495916,
2.8479461669921875,-6.341657194824973,-6.313943036055918,-6.361385523653736,-6.294052077979691,
2.8579277992248535,-6.336019349858712,-6.308155270799585,-6.3556858122397655,-6.288331093702117,
2.865630626678467,-6.330408921219775,-6.302397375182268,-6.3500152705469795,-6.282638290989331,
2.882068395614624,-6.3248260674221575,-6.296670198156649,-6.344374012657621,-6.2769738414831,
2.890216112136841,-6.397101693044295,-6.298103226298794,-6.346067750160942,-6.278699573083491,
2.8976922035217285,-6.345078921012629,-6.288449324691482,-6.335672195436614,-6.337709463926179,
2.9133450984954834,-6.337087589197918,-6.281900122326029,-6.3294126288766535,-6.291287125536439,
2.9364824295043945,-6.3251073660526576,-6.274661852351279,-6.322224926898287,-6.284532819336768,
2.943112850189209,-6.323661547379314,-6.267091537360114,-6.314754400637053,-6.27542949550928,
2.959886312484741,-6.313296669083377,-6.259366998446589,-6.307091592774517,-6.268261585990792,
2.9762609004974365,-6.305759426861013,-6.251669697922014,-6.29964614093049,-6.2601873672534545,
2.9864368438720703,-6.298271301791832,-6.244185020680741,-6.292349343671553,-6.252316748113596,
2.9941089153289795,-6.290754948367914,-6.236862603073198,-6.285186945130482,-6.244456791796853,
3.001378059387207,-6.283259792221892,-6.229696134450694,-6.278153190742758,-6.236985645980501,
3.0126583576202393,-6.27644156066883,-6.222677002805269,-6.271252481294915,-6.2299718543871085,
3.03165340423584,-6.268777974756094,-6.215796975332009,-6.264476106638227,-6.22255276150429,
3.0415163040161133,-6.263105367332176,-6.208668413755512,-6.2568791029146045,-6.216143349563782,
3.072211980819702,-6.256362137185883,-6.2009305906894765,-6.250156555385517,-6.209255566996348,
3.080305337905884,-6.249589408826905,-6.195372438251892,-6.244338626568665,-6.202445352771531,
3.096705913543701,-6.242838359182467,-6.189038590312026,-6.238071356087864,-6.195718245483452,
3.1027162075042725,-6.236098768830038,-6.18279814566303,-6.231892826818573,-6.189060661176606,
3.123936414718628,-6.229221888465602,-6.176645257218502,-6.225797426605006,-6.182486718986873,
3.136409282684326,-6.2255820017066625,-6.170659908118224,-6.219879797916722,-6.177211603056012,
3.1459081172943115,-6.217148493967941,-6.1646025404265465,-6.213852345075653,-6.169952871272281,
3.1505703926086426,-6.213511868825277,-6.158868861398423,-6.208183172915709,-6.164889355961697,
3.1542882919311523,-6.204475589420791,-6.152845815677063,-6.202185169893803,-6.157701587242407,
3.16220760345459,-6.201990977888735,-6.147420054344637,-6.196827003357444,-6.152879491520258,
3.168027400970459,-6.196408687260244,-6.14168743063626,-6.191119580797652,-6.14700869702278,
3.173204183578491,-6.187261398815159,-6.135730581095465,-6.185198262896667,-6.14013939357489,
3.199723482131958,-6.184932371838021,-6.130843677880492,-6.180358814886647,-6.135547696733138,
3.213346242904663,-6.179581434073543,-6.12519817301227,-6.174744104861578,-6.129898128217767,
3.217384099960327,-6.1745608721705265,-6.119841712219458,-6.169425703767307,-6.124457459150252,
3.2212164402008057,-6.16518572157828,-6.113703657698568,-6.163330474292429,-6.117624575199396,
3.2300403118133545,-6.163161509932548,-6.109520047373918,-6.159206753549329,-6.113443237090204,
3.2378427982330322,-6.158075333170307,-6.104011491164719,-6.153724845352491,-6.108099733720471,
3.242633581161499,-6.153214470289255,-6.0989017925447575,-6.1486501851077815,-6.102927965539934,
3.2507219314575195,-6.14840734216052,-6.093844534947459,-6.143626061393749,-6.097828951111261,
3.263505697250366,-6.1436656588517105,-6.08883850579931,-6.1386523524309125,-6.092799551207708,
3.2681291103363037,-6.133726415457869,-6.082107965168529,-6.131998579838372,-6.085655995888192,
3.2748661041259766,-6.132202099232536,-6.07835008059417,-6.128257409012317,-6.0821308490291015,
3.2826430797576904,-6.1276702184221845,-6.073592332673689,-6.123542879060398,-6.077311078452915,
3.286594867706299,-6.123147534294233,-6.068873088956562,-6.118863625967344,-6.072536975900937,
3.3025503158569336,-6.118642442026319,-6.064193120422819,-6.1142215936953015,-6.067808693001147,
3.309123992919922,-6.114157513386932,-6.059552182477568,-6.1096174507170655,-6.063125241476238,
3.3238463401794434,-6.109694985236722,-6.054950082122465,-6.1050516910574135,-6.058485763136565,
3.3287930488586426,-6.105256816049049,-6.0503866633535495,-6.100524663550461,-6.053889508305253,
3.3344621658325195,-6.100589804836463,-6.045861948453485,-6.096035260483306,-6.049313640129951,
3.3419125080108643,-6.096111313704981,-6.041373765387317,-6.091585472284629,-6.044784105427514,
3.3506875038146973,-6.09167728742406,-6.036925167550038,-6.087176939511501,-6.040304081276044,
3.355487585067749,-6.087282903561036,-6.032516159422216,-6.082809407876809,-6.035865026293537,
3.3618626594543457,-6.082927961503953,-6.028146583052239,-6.078482429539804,-6.031466670699892,
3.372879981994629,-6.078612251441722,-6.023816254248325,-6.074195567309766,-6.027108737678583,
3.3781521320343018,-6.074335549722163,-6.01952496654589,-6.06994839416343,-6.022790938181441,
3.391239881515503,-6.070097620348924,-6.015272494614035,-6.065740492577496,-6.018512973199672,
3.397792339324951,-6.065898216470626,-6.011058597307937,-6.061571454000652,-6.014274535784237,
3.403398275375366,-6.056386921670944,-6.0031250163923495,-6.053816855625686,-6.006387480950511,
3.4149210453033447,-6.055916824954855,-6.001460936465502,-6.052114381756222,-6.0046989092274226,
3.4244024753570557,-6.051957603464269,-5.997550674792213,-6.0482466852855685,-6.000734713329969,
3.43583345413208,-6.04807263608788,-5.993653234172718,-6.044391068617463,-5.9967771041233915,
3.442406415939331,-6.044229119898456,-5.989776803237726,-6.040555207221158,-5.9928587308807195,
3.4577579498291016,-6.040405719146268,-5.985922952230746,-6.036740948506758,-5.988965733817616,
3.4740898609161377,-6.036603678530074,-5.982092587131072,-6.032949367637011,-5.985098771196064,
3.489230155944824,-6.032824142510873,-5.978286521568837,-6.029181407591433,-5.981258459549052,
3.5010905265808105,-6.0290681188199695,-5.974505484135131,-6.025437894441262,-5.977445348106791,
3.5149478912353516,-6.025336521415107,-5.970750127721267,-6.021719518672807,-5.973662734643717,
3.53189754486084,-6.021657732935557,-5.967020836007143,-6.01802698423752,-5.969916629068457,
3.543884038925171,-6.0179959745456895,-5.963318239465134,-6.014360916212555,-5.966191681391847,
3.5626494884490967,-6.014352942264532,-5.959642951761797,-6.01072136313854,-5.962495076751898,
3.5974979400634766,-6.010735340422798,-5.955995047010109,-6.00710869797919,-5.958827280475415,
3.60793399810791,-6.0071437754835255,-5.9523748689780485,-6.003523160887331,-5.955188525164555,
3.622467517852783,-6.003578735921025,-5.9487826989165455,-5.9999629812820885,-5.951579011637369,
3.6323585510253906,-6.0000406961954535,-5.945218841564617,-5.996432283168493,-5.947998875497996,
3.666569471359253,-5.996530031702874,-5.941683459422754,-5.992929816933992,-5.944448275001114,
3.6823134422302246,-5.993047047349445,-5.9381767328820105,-5.989455744163943,-5.940927310004803,
3.6898090839385986,-5.9895919949656955,-5.934698806736311,-5.986010190910962,-5.937436052232371,
3.7140510082244873,-5.986165078598838,-5.931249792879413,-5.982593248464262,-5.933974547492429,
3.724818468093872,-5.982754170554988,-5.927829790425668,-5.979204890079855,-5.930542843110681,
3.7313122749328613,-5.979323493576904,-5.924438771728342,-5.975844934041747,-5.9271354444568,
3.750124931335449,-5.975960051913001,-5.921076449827967,-5.97251394869766,-5.923757720628051,
3.7733030319213867,-5.972628400922408,-5.917743550525948,-5.969212179549109,-5.920412410635867,
3.778571605682373,-5.9693280581951225,-5.914440075496688,-5.9659395469970855,-5.917096816661471,
3.7926101684570312,-5.966058714715264,-5.911165973404253,-5.962695902073073,-5.913810909798773,
3.8014729022979736,-5.962820074977302,-5.907921170645542,-5.959481095328833,-5.9105546400616635,
3.8097846508026123,-5.95961185449814,-5.904705574650804,-5.956294976252438,-5.907327934421948,
3.8336150646209717,-5.956433778174096,-5.90151907652017,-5.953137392613705,-5.904130699957782,
3.8483667373657227,-5.953285578866061,-5.898361553428405,-5.950008190088049,-5.900962826596419,
3.858116388320923,-5.950166996253303,-5.895232870656566,-5.946907211936127,-5.897824189525899,
3.86985445022583,-5.947077775898458,-5.892132883269217,-5.943834298893645,-5.894714651186548,
3.8807778358459473,-5.9440176684379775,-5.889061437668149,-5.940789289061466,-5.891634063148984,
3.8868136405944824,-5.940986428923796,-5.886018372869539,-5.937772017969872,-5.888582267582483,
3.901273012161255,-5.9379838163163905,-5.883003521589286,-5.93478231859878,-5.885559098664272,
3.922320604324341,-5.935009593005334,-5.880016711250955,-5.931820021520465,-5.882564383712943,
3.92885684967041,-5.932063524445623,-5.877057764775262,-5.928884955013592,-5.879597944228436,
3.9354052543640137,-5.929145378872929,-5.874126501335566,-5.925976945224512,-5.876659596782346,
3.9529595375061035,-5.926254927045641,-5.871222736956758,-5.923095816352657,-5.873749153787433,
3.9581544399261475,-5.923391942017329,-5.868346285055863,-5.920241390807238,-5.870866424172374,
3.9613306522369385,-5.920556199003925,-5.865496956929991,-5.917413489388313,-5.868011213980173,
3.9844324588775635,-5.917747475204853,-5.86267456215155,-5.914611931487284,-5.865183326882549,
3.9980688095092773,-5.914965549715033,-5.85987890890185,-5.911836535234681,-5.862382564626566,
4.007124185562134,-5.912210203433592,-5.857109804326898,-5.90908711767378,-5.85960872741673,
4.013491153717041,-5.909481218922053,-5.854367054745797,-5.906363494957999,-5.856861614315633,
4.0200324058532715,-5.906778380445674,-5.851650465942187,-5.90366548244947,-5.854141023449067,
4.026822090148926,-5.904101473822188,-5.848959843307735,-5.900992894916099,-5.851446752375813,
4.0351948738098145,-5.9014502864120395,-5.846294992060997,-5.898345546638189,-5.848778598229051,
4.0425169467926025,-5.898824607099877,-5.843655717387141,-5.895723251544014,-5.84613635799032,
4.055848598480225,-5.896224226206368,-5.841041824568041,-5.893125823344962,-5.843519828599537,
4.0604352951049805,-5.893648935537984,-5.838453119103257,-5.890553075633712,-5.840928807162596,
4.071059703826904,-5.891098528262623,-5.835889406807662,-5.888004821975791,-5.8383630910696285,
4.078446865081787,-5.888572799002974,-5.8333504939007135,-5.885480876026245,-5.8358224780906465,
4.082406044006348,-5.886071543693559,-5.830836187078587,-5.8829810516102,-5.833306766515555,
4.093748092651367,-5.883595071924766,-5.828346296414084,-5.880505138720333,-5.830817760407373,
4.121914625167847,-5.881149300109177,-5.825880615222852,-5.878053030474267,-5.828352358813786,
4.130064010620117,-5.8787226382411255,-5.823439002868281,-5.875624475612485,-5.825910779773802,
4.1398162841796875,-5.876319307659398,-5.821021184048143,-5.873219230782296,-5.823493256730929,
4.147034645080566,-5.873939158682748,-5.8186269708576805,-5.870837124195292,-5.821099591159859,
4.154757738113403,-5.871582028396419,-5.816256176929717,-5.868477982835145,-5.818729585467461,
4.166560411453247,-5.869247751402359,-5.813908616997193,-5.866141632613766,-5.8163830437653035,
4.189910888671875,-5.866932392670996,-5.811584112436012,-5.86382787033395,-5.81405977868948,
4.19896936416626,-5.864630750064807,-5.809282461003146,-5.861536477187051,-5.811759497660738,
4.205348968505859,-5.862359355106971,-5.807003402272557,-5.859267434380114,-5.809480544718095,
4.209851980209351,-5.860110842410574,-5.804746915454846,-5.857020578671495,-5.807225351158925,
4.214984655380249,-5.857884915874827,-5.8025128262427135,-5.85479573820858,-5.804992664505229,
4.2251057624816895,-5.855681334289367,-5.800300951274355,-5.852592717017621,-5.802782306270464,
4.2363440990448,-5.853499864104847,-5.798111106875914,-5.850411322712318,-5.800594098492331,
4.241325616836548,-5.851340278483963,-5.7959431093526605,-5.848251366183867,-5.798427861933216,
4.252345323562622,-5.849202356642936,-5.7937967752977375,-5.846112661197157,-5.796283416494619,
4.266839981079102,-5.847085883225234,-5.79167192180166,-5.843995024065675,-5.794160581553718,
4.2777464389801025,-5.844990647794261,-5.789568366609249,-5.8418982733981215,-5.792059176302569,
4.285340070724487,-5.842916444365016,-5.787485928287312,-5.839822229863716,-5.789979019906029,
4.292918920516968,-5.840863071023082,-5.785424426315683,-5.837766716004354,-5.787919931820765,
4.298430681228638,-5.838830329549611,-5.783383681164362,-5.835731556093657,-5.785881731851977,
4.305845737457275,-5.836818025157556,-5.78136351437567,-5.833716575980451,-5.783864240389517,
4.318499565124512,-5.834825966186326,-5.779363748588332,-5.8317216030081624,-5.78186727844943,
4.32248067855835,-5.832853963869615,-5.777384207590236,-5.829746465908994,-5.779890667804104,
4.336178302764893,-5.830901832174651,-5.775424716323274,-5.827790994723048,-5.777934231078676,
4.342059373855591,-5.828969387525386,-5.7734851009131765,-5.8258550207620265,-5.775997791749987,
4.363103628158569,-5.827056448749394,-5.771565188655391,-5.823938376514561,-5.774081174283171,
4.381732702255249,-5.825162836855407,-5.769664808044405,-5.822040895655368,-5.772184204102427,
4.386688947677612,-5.823288374943144,-5.767783788750404,-5.8201624129540726,-5.770306707652889,
4.390983581542969,-5.821432888068435,-5.765921961615926,-5.818302764305138,-5.768448512433757,
4.402452707290649,-5.819596203173586,-5.764079158657075,-5.816461786637621,-5.766609447011259,
4.408712863922119,-5.817778148965186,-5.762255213054949,-5.814639317965098,-5.764789341026551,
4.41230583190918,-5.815978555851711,-5.760449959127277,-5.812835197295337,-5.762988025210901,
4.4162421226501465,-5.814197255876221,-5.758663232345051,-5.811049264678777,-5.761205331407294,
4.420039415359497,-5.812434082637757,-5.756894869287485,-5.809281361165102,-5.759441092560204,
4.44302773475647,-5.810688871242361,-5.755144707677066,-5.807531328798786,-5.757695142722121,
4.451389789581299,-5.8089614582564115,-5.753412586312859,-5.805799010610036,-5.755967317059767,
4.457319498062134,-5.807251681666882,-5.751698345109434,-5.804084250621025,-5.754257451857018,
4.461528778076172,-5.8055593808044685,-5.750001825038511,-5.802386893820788,-5.752565384500571,
4.472372531890869,-5.803884396352895,-5.748322868178548,-5.800706786175529,-5.750890953495164,
4.481303930282593,-5.802226570284751,-5.746661317632473,-5.799043774609672,-5.749233998441094,
4.485311508178711,-5.80058574585811,-5.745017017586211,-5.797397707027425,-5.747594360061657,
4.496563911437988,-5.798961767540306,-5.743389813256022,-5.795768432288664,-5.745971880159037,
4.5038793087005615,-5.797354481037203,-5.741779550887994,-5.794155800209627,-5.744366401641374,
4.509927988052368,-5.795763733259221,-5.740186077767783,-5.792559661572535,-5.742777768524361,
4.528778791427612,-5.79418937225657,-5.738609242205204,-5.7909798681042455,-5.741205825878777,
4.542442798614502,-5.792631247268265,-5.737048893507897,-5.7894162725080305,-5.73965041987952,
4.561442852020264,-5.791089208658014,-5.735504881994485,-5.787868728417919,-5.738111397796494,
4.572653770446777,-5.789563107916148,-5.733977059003647,-5.786337090430449,-5.736588607938522,
4.580881118774414,-5.788052797627165,-5.7324652768514675,-5.7848212140966835,-5.735081899708443,
4.589148283004761,-5.7865581315101595,-5.730969388845838,-5.783320955916476,-5.733591123571475,
4.605394601821899,-5.785078964324876,-5.7294892492983545,-5.781836173328007,-5.732116131054161,
4.610540151596069,-5.783615151943349,-5.728024713484457,-5.780366724738265,-5.730656774732899,
4.6232216358184814,-5.782166551276282,-5.726575637668808,-5.778912469497529,-5.729212908250507,
4.627261400222778,-5.780733020305719,-5.725141879086233,-5.777473267863496,-5.7277843862939894,
4.634564638137817,-5.779314418065546,-5.723723295942039,-5.776048981107213,-5.7263710645785,
4.646191120147705,-5.7779106046015185,-5.722319747418815,-5.774639471392038,-5.724972799890797,
4.656132936477661,-5.776521441028948,-5.720931093650319,-5.773244601849024,-5.723589450032969,
4.670809268951416,-5.775146789469104,-5.719557195745365,-5.771864236530322,-5.722220873847455,
4.680076360702515,-5.773786513056195,-5.71819791577102,-5.77049824046517,-5.720866931189225,
4.6894848346710205,-5.772440475971466,-5.71685311673711,-5.769146479575328,-5.719527482979211,
4.705356597900391,-5.771108543357293,-5.715522662632165,-5.767808820769535,-5.71820239111936,
4.71341347694397,-5.769790581395319,-5.714206418374096,-5.766485131850242,-5.716891518545222,
4.741138935089111,-5.768486457260606,-5.712904249839867,-5.765175281592478,-5.715594729214889,
4.748297691345215,-5.767196039111942,-5.711616023869737,-5.763879139689086,-5.714311888078871,
4.757405519485474,-5.765919196101263,-5.710341608228494,-5.7625965767551115,-5.71304286111189,
4.768996238708496,-5.76465579836469,-5.709080871626486,-5.761327464365687,-5.711787515288681,
4.7894017696380615,-5.763405717033847,-5.707833683732117,-5.760071674997286,-5.710545718584432,
4.797391891479492,-5.7621688241930755,-5.706599915136472,-5.758829082079307,-5.709317339959542,
4.801320791244507,-5.760944992906647,-5.705379437386543,-5.75759955994524,-5.7081022493789835,
4.81486701965332,-5.759734097227337,-5.704172122944932,-5.756382983869409,-5.706900317815669,
4.819819688796997,-5.758536012155591,-5.7029778452274105,-5.755179230047886,-5.705711417188028,
4.824104309082031,-5.757350613648467,-5.70179647855681,-5.753988175588327,-5.704535420425456,
4.829178094863892,-5.756177778634846,-5.700627898223213,-5.752809698531641,-5.703372201445324,
4.83333158493042,-5.7550173850057105,-5.699471980405124,-5.751643677821964,-5.702221635118559,
4.83764123916626,-5.753869311578964,-5.698328602244748,-5.750489993333578,-5.701083597299485,
4.853062391281128,-5.752733438142617,-5.69719764176266,-5.749348525833119,-5.699957964814009,
4.859536170959473,-5.751609645408948,-5.696078977949236,-5.748219157014303,-5.698844615451825,
4.868488550186157,-5.750497815051421,-5.694972490682705,-5.747101769480825,-5.697743427960699,
4.877051591873169,-5.749397829667426,-5.693878060762805,-5.745996246727656,-5.696654282062048,
4.883134126663208,-5.748309572801165,-5.692795569912443,-5.744902473166595,-5.695577058422177,
4.889166831970215,-5.747232928911541,-5.691724900765825,-5.74382033410409,-5.694511638652029,
4.898378849029541,-5.746167783382346,-5.690665936857617,-5.742749715744358,-5.693457905325509,
4.915497779846191,-5.745114022554866,-5.689618562634672,-5.7416905051858445,-5.692415741954521,
4.927486181259155,-5.74407153364697,-5.688582663452196,-5.7406425904364475,-5.6913850329859805,
4.935811519622803,-5.743040204824201,-5.687558125564539,-5.739605860359722,-5.690365663828355,
4.939202308654785,-5.742019925139051,-5.68654483612499,-5.738580204739665,-5.689357520785565,
4.949599504470825,-5.741010584586696,-5.68554268318651,-5.737565514232767,-5.68836049113128,
4.955504655838013,-5.740012074033503,-5.684551555682419,-5.736561680369843,-5.687374463029994,
4.969567060470581,-5.739024285265478,-5.683571343460511,-5.735568595566762,-5.686399325596481,
4.989521265029907,-5.738047110966673,-5.6826019372363366,-5.734586153120616,-5.685434968843359,
5.00103759765625,-5.7370804447138575,-5.68164322861422,-5.733614247178251,-5.68448128370976,
5.006559133529663,-5.736124180972199,-5.680695110089778,-5.732652772776591,-5.683538162049835,
5.01358699798584,-5.735178215090171,-5.679757475019581,-5.731701625813725,-5.6826054965981205,
5.0240349769592285,-5.734242443307334,-5.678830217657369,-5.730760703044654,-5.681683181021732,
5.033153295516968,-5.733316762742128,-5.677913233118872,-5.729829902073534,-5.680771109873842,
5.04031777381897,-5.7324010713727445,-5.677006417366366,-5.72890912138704,-5.679869178596683,
5.054020881652832,-5.7314952680731865,-5.676109667277888,-5.727998260294919,-5.678977283524707,
5.058260440826416,-5.730599252556199,-5.67522288054054,-5.727097218969834,-5.678095321893318,
5.065838575363159,-5.7297129254210715,-5.67434595572705,-5.72620589841558,-5.677223191787234,
5.070191860198975,-5.728836188115193,-5.673478792268026,-5.725324200488254,-5.676360792203234,
5.083552598953247,-5.7279689429264025,-5.6726212904214774,-5.724452027891081,-5.675508022991335,
5.090505599975586,-5.727111093027559,-5.6717733513347905,-5.72358928412594,-5.674664784870553,
5.101731538772583,-5.7262625423998905,-5.670934876941399,-5.722735873547293,-5.673830979428042,
5.1115710735321045,-5.725423195892568,-5.670105770054835,-5.721891701330838,-5.6730065091127795,
5.126413822174072,-5.724592959173261,-5.669285934320575,-5.721056673477959,-5.672191277226828,
5.131905555725098,-5.723771738756687,-5.668475274208868,-5.720230696789908,-5.671385187917137,
5.143386602401733,-5.72295944197078,-5.667673695015857,-5.719413678900577,-5.670588146190741,
5.159168481826782,-5.7221559769901935,-5.666881102854566,-5.718605528239223,-5.669800057871264,
5.16631007194519,-5.72136125278365,-5.666097404678267,-5.717806154040763,-5.6690208296489715,
5.178525447845459,-5.720575179150649,-5.665322508249758,-5.717015466346998,-5.668250369037594,
5.194964170455933,-5.719797666683851,-5.664556322117335,-5.716233375991909,-5.6674885843518945,
5.209153652191162,-5.7190286268167645,-5.663798755678075,-5.715459794602608,-5.666735384776038,
5.219059944152832,-5.718267971731338,-5.663049719093901,-5.714694634581783,-5.6659906802728806,
5.2323157787323,-5.717515614460412,-5.662309123354684,-5.71393780914124,-5.665254381635336,
5.242412805557251,-5.716771468785847,-5.661576880224765,-5.713189232242343,-5.664526400466131,
5.2543463706970215,-5.716035449297993,-5.660852902270376,-5.712448818636402,-5.663806649175767,
5.27436637878418,-5.715307471368269,-5.660137102835258,-5.711716483856573,-5.663095040954039,
5.28663444519043,-5.714587451139909,-5.659429396049397,-5.710992144162459,-5.662391489802786,
5.295378923416138,-5.713875305522977,-5.658729696817547,-5.710275716619948,-5.661695910517334,
5.308480262756348,-5.713170952215862,-5.6580379208199805,-5.709567119023068,-5.661008218663392,
5.321425437927246,-5.712474309655731,-5.657353984489106,-5.708866269917699,-5.660328330592174,
5.331199645996094,-5.71178529705681,-5.656677805050587,-5.70817308861502,-5.659656163427561,
5.335824251174927,-5.711103834366673,-5.656009300455914,-5.7074874951645285,-5.65899163506484,
5.343111038208008,-5.7104298423077005,-5.655348389434858,-5.706809410321867,-5.658334664170588,
5.351121664047241,-5.709763242328658,-5.654694991450617,-5.706138755631757,-5.657685170167614,
5.373486042022705,-5.7091039566116315,-5.654049026722994,-5.705475453314651,-5.65704307321864,
5.383465766906738,-5.708451908093258,-5.653410416193957,-5.7048194263490535,-5.656408294259989,
5.39237904548645,-5.707807020407423,-5.652779081565096,-5.704170598428016,-5.65578075496006,
5.39880895614624,-5.707169217941866,-5.6521549452498,-5.703528893938741,-5.655160377732748,
5.40665340423584,-5.706538425798175,-5.651537930399099,-5.702894237993606,-5.654547085714347,
5.417492151260376,-5.705914569772043,-5.650927960871743,-5.702266556422282,-5.65394080278561,
5.423833608627319,-5.705297576396899,-5.650324961260083,-5.7016457757362975,-5.653341453554753,
5.427929162979126,-5.704687372879937,-5.649728856844256,-5.701031823144134,-5.6527489633255215,
5.445809364318848,-5.7040838871420725,-5.649139573641293,-5.700424626555801,-5.652163258156248,
5.450688600540161,-5.7034870478159005,-5.6485570383420605,-5.699824114555393,-5.651584264772209,
5.466843128204346,-5.702896784182968,-5.647981178354106,-5.699230216426485,-5.651011910629112,
5.474557399749756,-5.702313026249047,-5.647411921768829,-5.6986428621027745,-5.650446123877451,
5.480349540710449,-5.701735704670113,-5.646849197367112,-5.698061982211043,-5.649886833362674,
5.490427255630493,-5.7011647507901415,-5.646292934605357,-5.6974875080415295,-5.649333968620294,
5.505164623260498,-5.700600096622416,-5.6457430636326675,-5.6969193715450555,-5.648787459864314,
5.508925914764404,-5.700041674834639,-5.645199515262119,-5.696357505316778,-5.648247237995024,
5.517343521118164,-5.69948941877289,-5.644662220967114,-5.6958018426331565,-5.647713234588453,
5.521241903305054,-5.69894326240469,-5.644131112913782,-5.695252317387855,-5.647185381881834,
5.52519154548645,-5.698403140383233,-5.643606123874352,-5.694708864138568,-5.646663612784348,
5.5367865562438965,-5.69786898798062,-5.643087187337085,-5.694171418070614,-5.646147860855192,
5.548866510391235,-5.697340741123575,-5.642574237400426,-5.693639915014087,-5.645638060328697,
5.558686971664429,-5.6968183363561025,-5.642067208800143,-5.693114291416942,-5.645134146064262,
5.571435213088989,-5.696301710861969,-5.641566036949517,-5.692594484338399,-5.644636053579069,
5.586627960205078,-5.695790802460311,-5.641070657853321,-5.69208043149738,-5.644143719017116,
5.589672327041626,-5.69528554957481,-5.64058100818109,-5.691572071191529,-5.643657079187003,
5.59286093711853,-5.694785891233004,-5.6400970252021185,-5.691069342336471,-5.643176071490349,
5.5963521003723145,-5.694291767098745,-5.639618646822252,-5.690572184452076,-5.642700633964418,
5.6063313484191895,-5.6938031174289,-5.639145811547733,-5.690080537673501,-5.642230705289748,
5.619893550872803,-5.693319883065021,-5.638678458515907,-5.689594342706029,-5.641766224723029,
5.630192756652832,-5.692842005475262,-5.638216527441719,-5.689113540870998,-5.6413071321525186,
5.655415296554565,-5.692369426679852,-5.637759958667071,-5.688638074049808,-5.640853368078895,
5.662290573120117,-5.691902089325485,-5.637308693117749,-5.688167884722551,-5.640404873584659,
5.6677751541137695,-5.691439936602367,-5.6368626723067585,-5.687702915948167,-5.6399615903443125,
