t,FR,FL,BR,BL,n_FR,n_FL,n_BR,n_BL
0.016786813735961914,-0.29083751169280003,-0.30322962253792035,-0.29069131586331975,-0.30337976641569925,14.612751313934487,14.296185869958626,3.0395557660854484,0.30337976641569925
0.02571892738342285,-0.28084255872826897,-0.2907463857213579,-0.2809681418457829,-0.29061704415545553,2.209535134284525,0.2907463857213579,13.020397888010468,12.835968947963302
0.037581443786621094,-0.16475926018676568,-0.1705153151840445,-0.1646422026769757,-0.17084876598508128,3.4446739102863773,2.6188077314719402,1.4728897475654446,0.17084876598508128
0.05440187454223633,-0.17635940888815757,-0.18043340259835228,-0.17621525418231238,-0.18060318250359955,0.9361452598518241,0.18043340259835228,5.345534986274846,5.3187863372327175
0.07096648216247559,-0.07107852028567654,-0.06863067005280016,-0.06656561277579108,-0.07333304947366029,0.5674583244451064,0.06863067005280016,0.5925973098424756,0.07333304947366029
0.08636307716369629,-0.04459901733622483,-0.0329352152310686,-0.03198511762208214,-0.0457076883765742,0.2666598305450288,0.0329352152310686,2.3533918872431547,2.1837359484391983
0.0947868824005127,0.0,0.0,0.0,0.0,0.057736236483468845,0.0,0.5816744974589932,0.6530404528502449
0.10754895210266113,0.0,0.0,0.0,0.0,0.0,0.08268705734797367,1.032670915809796,1.2184148279836844
0.12366366386413574,0.0,0.0,0.0,0.0,0.0,0.19227931221925285,0.3429410236417735,0.3680588633621085
0.13090848922729492,0.0,0.0,0.0,0.0,0.0,0.2640962700284362,0.35707258758369154,0.6034017856733206
0.1389462947845459,0.0,0.0,0.0,0.0,0.0,0.3166041297738757,0.05941409732824295,0.4014248860740541
0.148406982421875,0.0,0.0,0.0,0.0,0.0,0.35181827202155497,0.0,0.38264989567880814
0.15621614456176758,0.0,0.0,0.0,0.0,0.008972900339888975,0.40303433760485424,0.0,0.3834997217961914
0.17342591285705566,0.0,0.0,0.0,0.0,0.015001965069076988,0.43759219416712153,0.0,0.39400552435069885
0.18947577476501465,0.0,0.0,0.0,0.0,0.08985383894115992,0.4778295080754712,0.0,0.3962669479125981
0.20174145698547363,0.0,0.0,0.0,0.0,0.168839673709858,0.49798625000843416,0.0,0.3925635133496863
0.21102428436279297,0.0,0.0,0.0,0.0,0.15346410572736613,0.5132492530911034,0.0,0.3851387376683164
0.22612690925598145,0.0,0.0,0.0,0.0,0.246364450307939,0.5162714903056379,0.0,0.37423222290597297
0.24257564544677734,0.0,0.0,0.0,0.0,0.2314772454853641,0.5154238319378264,0.0,0.36154058893584584
0.25275683403015137,0.0,0.0,0.0,0.0,0.13775696546346167,0.5053670449879026,0.0,0.346751711146168
0.26563382148742676,0.0,0.0,0.0,0.0,0.2796288772695664,0.49382988332520983,0.0,0.33174961014674637
0.27996206283569336,0.0,0.0,0.0,0.0,0.5251546876502053,0.518540247779502,0.0,0.3188107315454922
0.29593944549560547,0.0,0.0,0.0,0.0,0.6716340578145432,0.9126969342017675,0.0,0.310238032526104
0.30382704734802246,0.0,0.0,0.0,0.0,0.48699979643247066,0.5439152628618772,0.0,0.29092283676559455
0.3176553249359131,0.0,0.0,0.0,0.0,0.49000438127664203,0.5898239729883349,0.0,0.27747835975648727
0.3271794319152832,0.0,0.0,0.0,0.0,0.4085873231213889,0.27550214754782726,0.0,0.2593031479811597
0.3420450687408447,0.0,0.0,0.0,0.0,0.3787204313157142,0.5750551951600563,0.0,0.24891588298546236
0.36327624320983887,0.0,0.0,0.0,0.0,0.3390942957883558,0.35187864808997354,0.0,0.23339808040611792
0.3755483627319336,0.0,0.0,0.0,0.0,0.3045868216101826,0.23909321604747677,0.0,0.21920327431651226
0.38956427574157715,0.0,0.0,0.0,0.0,0.2746271065180613,0.22097424380084674,0.0,0.2067587598005563
0.39713406562805176,0.0,0.0,0.0,0.0,0.24913398200931314,0.20870561793120532,0.0,0.19502066232491516
0.41423583030700684,0.0,0.0,0.0,0.0,0.22582979889522511,0.1884053875917075,0.0,0.18366226095021598
0.4304783344268799,0.0,0.0,0.0,0.0,0.20470963914722828,0.1713245604506609,0.14116184753437716,0.17244892213012253
0.4448726177215576,0.0,0.0,0.0,0.0,0.18543318670900322,0.21530523276103566,0.0,0.1637194633772961
0.45195651054382324,0.0,0.0,0.0,0.0,0.17042224240606785,0.14849155320933166,0.13836318211240106,0.15331075015513795
0.46642541885375977,0.0,0.0,0.0,0.0,0.15272637171178427,0.21577606177163616,0.0,0.14539741128519662
0.478130578994751,0.0,0.0,0.0,0.0,0.14107286928007373,0.1256671981497928,0.19945075843950094,0.13603542440640248
0.49463319778442383,0.0,0.0,0.0,0.0,0.1254546761188732,0.12130607997387508,0.02678879531284567,0.12866105874740114
0.5090315341949463,0.0,0.0,0.0,0.0,0.11587406768908542,0.10868968381929399,0.11868346060687275,0.12125441637538156
0.5214583873748779,0.0,0.0,0.0,0.0,0.10440874686673496,0.2831867831905355,0.0,0.11485354943500498
0.5318169593811035,0.0,0.0,0.0,0.0,0.3536639449242531,0.1745230317475861,0.0,0.118572749685528
0.5461664199829102,0.0,0.0,0.0,0.0,0.0,0.46773658438143867,0.0,0.3701821945227307
0.5576465129852295,-0.039872874836176554,0.0,0.0,-0.03963569540801879,0.6228906024664386,0.22983652501818458,0.0,0.1247151736249995
0.5646476745605469,0.0,0.0,0.0,0.0,0.20429790745811516,0.26489646266657896,0.0,0.09615315739291969
0.5794665813446045,-0.015785304543645424,0.0,0.0,-0.015453787403429481,0.32617060282042304,0.18587020194675238,0.0,0.0983232752882764
0.5903463363647461,0.0,0.0,0.0,0.0,0.0,0.17061122266966852,0.0,0.10584551635584453
0.6008026599884033,-0.01680249180286667,0.0,0.0,-0.016469264926598764,0.2473154608726964,0.13610790403267942,0.0,0.08608231387957764
0.6110787391662598,0.0,0.0,0.0,0.0,0.0,0.11683527440408664,0.0,0.1205296682844656
0.6182596683502197,0.0,0.0,0.0,0.0,0.028255888287137692,0.09763438933481329,0.0,0.06503646198728866
0.6304407119750977,0.0,0.0,0.0,0.0,0.0,0.08256736942214524,0.0,0.10516601381058642
0.6381025314331055,0.0,0.0,0.0,0.0,0.010533225761464786,0.07007953815239114,0.0,0.05566221699745795
0.6544032096862793,0.0,0.0,0.0,0.0,0.0,0.05938103939270055,0.0,0.11671793471325688
0.6580908298492432,0.0,0.0,0.0,0.0,0.0,0.05115040326944912,0.0,0.09107127612837153
0.6703550815582275,0.0,0.0,0.0,0.0,0.0,0.043992335412829396,0.0,0.14768938606748114
0.6764352321624756,0.0,0.0,0.0,0.0,0.0,0.03844854778216316,0.0,0.11256771084018741
0.6847488880157471,0.0,0.0,0.0,0.0,0.0,0.033696641850832,0.0,0.10005266856566135
0.6961178779602051,0.0,0.0,0.0,0.0,0.0,0.030415847931204394,0.0,0.15991364885256357
0.7058999538421631,0.0,0.0,0.0,0.0,0.0,0.027424712340457204,0.00015788942339050108,0.07839373448194671
0.714806318283081,0.0,0.0,0.0,0.0,0.0,0.025797452391760137,0.005009914799896695,0.2228301420975112
0.7210025787353516,0.0,0.0,0.0,0.0,0.015167489181841434,0.022681371434506395,0.0056780929700691925,0.024425979526927565
0.7303688526153564,0.0,0.0,0.0,0.0,0.0,0.021550603209193255,0.011667600852446594,0.18203628373684216
0.7426574230194092,0.0,0.0,0.0,0.0,0.05563113942080107,0.018648028452194317,0.010264242201354188,0.021840950597804984
0.7515490055084229,0.0,0.0,0.0,0.0,0.018311566396887642,0.019484901971277755,0.017303603504072194,0.4237252603014289
0.7579131126403809,-0.014354204248932773,0.0,0.0,-0.014017606526805478,0.23285725032423407,0.014573208458848474,0.010255194880897342,0.03185680580497532
0.7709863185882568,0.0,0.0,0.0,0.0,0.0,0.014370628083269863,0.022313563568762997,0.09268781514140648
0.7776563167572021,0.0,0.0,0.0,0.0,0.010507169765831544,0.014420913591156803,0.017132078771130432,0.23465748747313087
0.7911670207977295,0.0,0.0,0.0,0.0,0.13125744809919254,0.010693453300435661,0.0174619961931436,0.016366962141678022
0.7970807552337646,0.0,-0.05446228705144973,-0.054525871080561415,0.0,0.0033553353985032912,0.17011435577086242,0.054525871080561415,0.08810616979618172
0.8071999549865723,-0.05686584786495206,-0.018799256640977487,-0.018807568325275702,-0.05690049905744458,0.33692027430436194,0.04458195478562073,0.018807568325275702,0.06339461228661371
0.812232494354248,-0.0039917623653523025,-0.09004785986371099,-0.08987730787659776,-0.004205444003826449,0.11635035406367601,0.2539994222582351,0.08987730787659776,0.010968286126290956
0.8182106018066406,-0.021976915201145412,-0.011565345379752099,-0.011501034944047021,-0.021991135513495862,0.13011928717011934,0.01240632048637946,0.054582472608211016,0.02522039186236229
0.8301284313201904,-0.014651507813823857,-0.04498058570201513,-0.0450256289088935,-0.014756612905538848,0.08375276416236363,0.06665403122249709,0.0450256289088935,0.016455690917608637
0.83721923828125,-0.012466976518287555,-0.08081017565947252,-0.08056155322948563,-0.012542672854471647,0.06154701430841558,0.16400441595491444,0.08056155322948563,0.013134620597896222
0.85140061378479,-0.014616692757386371,-0.022308180890993266,-0.022251135370323125,-0.014688143633969697,0.039208560044874205,0.02233253287060118,0.07272940288263614,0.014987949738500692
0.8599886894226074,-0.010415018227910699,-0.10827878160501989,-0.1080619342809848,-0.010512658519835532,0.027336459668904283,0.2241480997257213,0.1080619342809848,0.010512658519835532
0.8733282089233398,-0.016160426441379182,0.0,0.0,-0.016203628536638873,0.016908659972492107,0.0,0.23490283532116327,0.016206371531382283
0.8789587020874023,-0.015075177530998473,-0.044084003399622367,-0.04423707432092262,-0.015125338598145768,0.015864767353474047,0.044173102400614554,0.04579415239100614,0.015125338598145768
0.8919968605041504,-0.017236715865164037,0.0,0.0,-0.017248264579505054,0.017357367555575067,0.0,0.222414090094864,0.020086115533811302
0.8988504409790039,-0.01617619998363633,-0.029970233554676467,-0.030132706417833152,-0.016202038744104155,0.016731682691062257,0.029970233554676467,0.047566360825202776,0.019239700912621963
0.9093701839447021,-0.018278312828186656,0.0,0.0,-0.018268375924256352,0.0187218894606063,0.0,0.21085826714522113,0.02743507535034234
0.9167392253875732,-0.018686471086215704,0.0,0.0,-0.018678559762690505,0.01940449621762993,0.0,0.11308493411437223,0.026814916920464508
0.9289767742156982,-0.019262934986185577,0.0,0.0,-0.019237835979255397,0.020079348319885282,0.0,0.16043936936722908,0.03157207001357141
0.9354414939880371,-0.020625621281881872,0.0,0.0,-0.02058882817150789,0.02145299413544869,0.0,0.1640879676523879,0.032556235833812106
0.9439411163330078,-0.020913107865224097,0.0,0.0,-0.020869535917452386,0.02189772273346808,0.0,0.14240012209538347,0.03397218634080262
0.9557363986968994,-0.022251915550061348,0.0,0.0,-0.02219085509123365,0.0231473349990888,0.0,0.18109435493627396,0.03575473523682849
0.9657266139984131,-0.022004576329417658,0.0,0.0,-0.021949398337389722,0.023161014446742987,0.0,0.10520669859497923,0.03504353324613488
0.9784762859344482,-0.024707844531503095,0.0,0.0,-0.02461107763365598,0.02541585721860459,0.0,0.253316453476562,0.03854897268680993
0.9941487312316895,-0.026302646719983683,0.0,0.0,-0.026192440475028923,0.02693952184041701,0.0,0.22540630078505747,0.03686109027789448
1.003537654876709,-0.024713008803120884,0.0,0.0,-0.024613870200021988,0.02573029202241223,0.0,0.10549208790293299,0.036111098646541134
1.0145821571350098,-0.02682407090559013,0.0,0.0,-0.026685731588042823,0.02746587486736989,0.0,0.23334321015645984,0.039016144887713496
1.0303065776824951,-0.023974485764350524,0.0,0.0,-0.02389360347261822,0.025426595864350872,0.04461753481831985,0.004006474750476236,0.03349799372269309
1.044576644897461,-0.028361849279799595,0.0,0.0,-0.02818608536863671,0.028785366763618873,0.0,0.3315915201383663,0.0418470416816631
1.0571925640106201,-0.1573325410476874,-0.016463060939804167,-0.01671379607048607,-0.15764675784580207,0.3918434355865968,0.17719252351433304,0.01671379607048607,0.1596001803490889
1.069551706314087,0.0,-0.08124843616347274,-0.08090146029289041,0.0,0.07378032396599792,0.29399020713027085,0.08090146029289041,0.5878934014609251
1.0827879905700684,-0.1742584129445343,-0.05252979844192542,-0.05202821186757153,-0.1739488853371669,0.46709089508409135,0.21054373055253187,0.05202821186757153,0.17678374150379889
1.0999805927276611,-0.15449460542204524,-0.04247289194176478,-0.042075712945776736,-0.15562105811754273,0.3475324868965794,0.1446982154293021,0.042075712945776736,0.15716715904802514
1.1162810325622559,-0.20147589306658817,-0.03808051762380585,-0.03761113133752747,-0.2022188839303033,0.44429136173259903,0.11396926722819962,0.03785953331226958,0.20453875981261788
1.1230108737945557,-0.07144008746860425,-0.03915175589657944,-0.03879964768525421,-0.07212391063836537,0.0720105620193652,0.0819161059614445,0.038944603932557206,0.07600082005256187
1.134113073348999,-0.005235387477948889,-0.04275531298550378,-0.042458885160995885,-0.0051966826830220705,0.030424366544021576,0.07206861584073383,0.04254324554712763,0.20989878466460496
1.1439504623413086,-0.08779181360429006,-0.03777044601642054,-0.03744084698981962,-0.08789009162407657,0.09882207864350594,0.057024080653707274,0.03821277336989576,0.08789009162407657
1.1606171131134033,-0.04914377092404558,-0.0355437411698121,-0.03527353438423393,-0.049466137877805974,0.05113634855815752,0.04134842579099309,0.036331688717932215,0.08643551624969881
1.1765556335449219,-0.024644393512731698,-0.03651418165850878,-0.03627487322365737,-0.024678308341268475,0.03258473410902127,0.03896038675314935,0.03732402064273343,0.1347731304362651
1.1878135204315186,-0.0023414144718012474,-0.036570020292270536,-0.036368837343167246,-0.0022983076550460516,0.02702908556803002,0.03694490485780022,0.037486614660712216,0.17907649620595814
1.2005784511566162,0.0,-0.0369295399323285,-0.036766690345078706,0.0,0.03150315228233208,0.0369295399323285,0.03789970544950297,0.21571922867539506
1.2204432487487793,0.0,-0.03747508029026911,-0.03735455349056304,0.0,0.03642800171018355,0.03747508029026911,0.038779828026734915,0.2543274254309358
1.2305214405059814,0.0,-0.03885695924514011,-0.03879376628011253,0.0,0.04603190220707473,0.03885695924514011,0.04050191330334195,0.331585729168826
1.247302532196045,0.0,-0.03681460853883871,-0.03672723749699491,0.0,0.02340036107237447,0.03681460853883871,0.038987836241345206,0.13532759259139615
1.2628891468048096,0.0,-0.039140338763143843,-0.03917869647438368,0.0,0.05869674193006638,0.039140338763143843,0.04309895949110872,0.4272689572402508
1.271540641784668,0.0,-0.039700837069961616,-0.03970579927721385,0.0,0.0361018635861846,0.039700837069961616,0.04132242836406253,0.23206838587269618
1.2845349311828613,0.0,-0.03781891293694521,-0.03787180868352189,0.0,0.037710988655798625,0.03781891293694521,0.04157043336101278,0.23939673053813298
1.3007161617279053,0.0,-0.0359456605523868,-0.03596594682078676,0.0,0.01714157102039822,0.0359456605523868,0.03946696068351488,0.06377614519269093
1.3165690898895264,0.0,-0.03700305402195625,-0.03711264122683508,0.0,0.04310120494068223,0.03700305402195625,0.042098750619939895,0.27269981978932134
1.325085163116455,0.0,-0.15254563744690003,-0.15230956249216265,0.0,0.051443360637017994,0.34375960385068627,0.15230956249216265,0.0
1.332068920135498,-0.0894872516949528,-0.03959917096788468,-0.03903254156920948,-0.08983333324089346,0.3505944456155612,0.03959917096788468,0.05061035539074818,0.09283451897254692
1.344233512878418,-0.05852551663448999,-0.17105320903476812,-0.17079398518325944,-0.05930111330809569,0.22776090937681978,0.3700263373952838,0.17079398518325944,0.05963275575551041
1.3494675159454346,-0.05589618511676234,-0.06331231061993883,-0.06257384096849414,-0.05633272007616029,0.17593916354137534,0.06331231061993883,0.06426232620328991,0.05660413791959916
1.3616855144500732,-0.05302022549317459,-0.07863792708785064,-0.07848840477287941,-0.05351495809330479,0.14504547007573515,0.08585856887918561,0.07869778366231839,0.05353686101857843
1.3723514080047607,-0.047290093700517316,-0.09512937224712043,-0.09473477253799541,-0.0477412188987176,0.11086027779043693,0.12019318407992505,0.09473530939985864,0.0477412188987176
1.379948616027832,-0.04317196200968446,-0.10379430183275604,-0.10335735367143059,-0.04360461690680405,0.08575261924949155,0.1352321671892551,0.10335735367143059,0.04360461690680405
1.3862478733062744,-0.04381418068378404,0.0,0.0,-0.0441268723168993,0.06791856468979134,0.0,0.20725454601799864,0.0441268723168993
1.3974926471710205,-0.04205839318992905,-0.06314581568659389,-0.06321538824906657,-0.04242373734283855,0.061968672923536,0.06314581568659389,0.06421611270936162,0.04242373734283855
1.4042208194732666,-0.03921249049856994,-0.02646151172843197,-0.026212764791191397,-0.03950037379975667,0.047370122509093796,0.02646151172843197,0.11073397520832236,0.03950037379975667
1.4156148433685303,-0.03926037674336884,-0.015164143855419365,-0.015173795926695485,-0.03952637643346167,0.04449932224814988,0.015164143855419365,0.12442812387926239,0.03952637643346167
1.4238464832305908,-0.03714532509154485,-0.039398234171214706,-0.03935041116670651,-0.037414411894599924,0.04034320346028649,0.039398234171214706,0.05816526691796157,0.037414411894599924
1.4358494281768799,-0.036899722614273794,0.0,0.0,-0.037099742617086845,0.03811535637150867,0.0,0.16898596872950353,0.037099742617086845
1.4440388679504395,-0.03692144703087009,-0.0023521896077927954,-0.002487443872624128,-0.037127238386620055,0.03826370272797758,0.0023521896077927954,0.11501595193657577,0.037127238386620055
1.4538490772247314,-0.03600223689477034,0.0,0.0,-0.036171321778757426,0.03721744476733348,0.0,0.14221880609901158,0.036201704749416384
1.4609065055847168,-0.036241248751073894,0.0,0.0,-0.036381862558851466,0.037335154078425935,0.0,0.16818381026263832,0.03649477968225527
1.4652612209320068,-0.0353182079423398,0.0,0.0,-0.03546344989288274,0.03666348753291203,0.0,0.09677380818279724,0.03563087994733644
1.4773626327514648,-0.03516499851449481,0.0,0.0,-0.03525767770568396,0.036259890826484766,0.0,0.1759444826363294,0.035940495313185085
1.487900733947754,-0.034505515906340156,0.0,0.0,-0.03462632708741281,0.035908682740387735,0.0,0.06143444747832154,0.034911780163141656
1.4985888004302979,-0.0353588736219045,0.0,0.0,-0.03537874436944752,0.03607113864083238,0.0,0.2705991496147541,0.03658962723373765
1.5045526027679443,-0.03522842976325676,0.0,0.0,-0.035319034549172026,0.036359433209138765,0.0,0.057881469617024374,0.035361561292996724
1.5145323276519775,-0.03234036216588712,0.0,0.0,-0.03240348020596679,0.033824269534732616,0.0,0.03626275499919191,0.03342686596246283
1.5223650932312012,-0.03310065894020729,0.0,0.0,-0.03311743698866959,0.03407499955764471,0.0,0.13724973500879661,0.03414596417172032
1.5342392921447754,-0.03309864408720503,0.0,0.0,-0.0331407231789303,0.03416139530639539,0.0,0.060662334665809364,0.03344737646977805
1.5440778732299805,-0.034335366773248346,0.0,0.0,-0.03427836388828824,0.03473806817261433,0.0,0.2743300243654013,0.0351062264738914
1.55739426612854,-0.03573360549055429,0.0,0.0,-0.03570837080486561,0.036135343872145,0.0,0.1756526289451361,0.03570837080486561
1.5717520713806152,-0.03235892068309053,0.0,0.0,-0.03237711931290911,0.03344911383730975,0.03233846642856646,0.004390631503231308,0.03240791510489427
1.5871129035949707,-0.028092145735835156,-0.04228124291716745,-0.042127363472079474,-0.028148247189900756,0.03032443679523384,0.2045226492814803,0.042127363472079474,0.02870182423562555
1.5993244647979736,-0.2606438184022761,-0.07358866038432864,-0.0728751950307684,-0.2610548527938238,0.6678479921779014,0.28332768776969863,0.0728751950307684,0.26741694599000904
1.6125752925872803,-0.15551056438385216,-0.056848677609939786,-0.05618628315622229,-0.1569432273192632,0.3001944216927273,0.19066158192563995,0.05618628315622229,0.1581211644128441
1.6233642101287842,-0.06917191532520034,-0.056943568356963015,-0.056416753991214964,-0.0697354921705827,0.07003419820854674,0.15950882217778883,0.056416753991214964,0.06974960652501551
1.6383297443389893,-0.15025164169411293,-0.05171382741534459,-0.051102263992294346,-0.15058707490416412,0.26213646889589504,0.13133805242526572,0.051102263992294346,0.1513751606860225
1.6554152965545654,-0.08002845419444665,-0.04651774939764662,-0.04604222579299105,-0.08073960156545351,0.08062171692987898,0.0961396861411574,0.04604222579299105,0.08073960156545351
1.6691961288452148,-0.0912149072439617,-0.0449476909008996,-0.04446418865309761,-0.09149698273016343,0.09808981803473014,0.08223898840373868,0.04451182287040524,0.09149698273016343
1.6751675605773926,-0.0019434183957973508,-0.043685624352804237,-0.043325564601906674,-0.002237360322561379,0.03639019951840771,0.06526611784136244,0.043338307729450555,0.201335274699513
1.688004732131958,0.0,-0.04440661929418132,-0.04406709120567759,0.0,0.038317105183349506,0.06119614433899819,0.04409330107518179,0.22073968304943126
1.6975157260894775,-0.010159692639559473,-0.041979850428805435,-0.0416454318399089,-0.009995848202359842,0.026376135534152575,0.05286881616407542,0.041867388385096106,0.12314942201565805
1.713216781616211,0.0,-0.040215263497871245,-0.03996025674853662,0.0,0.03449298703577296,0.04520803134515684,0.04021112544239513,0.198308281917085
1.7291717529296875,0.0,-0.04074534302863836,-0.040548879812793516,0.0,0.04488326181932953,0.044006495711542006,0.04070381351336451,0.27608687803560905
1.7448866367340088,0.0,-0.040685037387725734,-0.04051493410137773,0.0,0.042265721186480185,0.04314802523958815,0.0406950732437122,0.25977665049223675
1.762939214706421,0.0,-0.04032266345837725,-0.04021535146120227,0.0,0.04814019371259991,0.04159512449108329,0.04035405790659711,0.30387135923015923
1.7767930030822754,0.0,-0.03985736139664384,-0.03976231803497803,0.0,0.03845209075733321,0.04102523931215828,0.03997613037921476,0.23587874186189323
1.7933497428894043,0.0,-0.03897942918006402,-0.038945667850769444,0.0,0.04284345986364991,0.03941517268614537,0.039124952123023395,0.26780927297996227
1.8094830513000488,0.0,-0.0396442859695049,-0.03967205917761113,0.0,0.05169347700988426,0.04005719615689238,0.039736851351858886,0.3318797494558711
1.8218491077423096,0.0,-0.03992458677256053,-0.039973942579358504,0.0,0.04661271421727656,0.040618457584921525,0.04002996272915174,0.2965210539365664
1.8401081562042236,0.0,-0.04198847678804798,-0.04201014684473907,0.0,0.02206257377033437,0.04568409556257817,0.0421191409129556,0.12033891518980051
1.8577489852905273,-0.0916422793776091,-0.2818169408900958,-0.281405363180824,-0.09177247285120596,0.42853768331637565,0.7228522579019239,0.281405363180824,0.0970783791914759
1.8724744319915771,-0.06030077867230586,-0.23485992231930508,-0.233256039409883,-0.06133195831440573,0.28012616906484095,0.5145427223911127,0.233256039409883,0.0639645556211294
1.8857018947601318,-0.05727896960754623,-0.1278606271741607,-0.12680713646749,-0.05793862479214375,0.2260771313882353,0.17616847440841588,0.12680713646749,0.060330627871585336
1.8940796852111816,-0.05549864150573081,-0.04377595040596521,-0.04337263116934902,-0.056100979151738194,0.1851467158458928,0.04377595040596521,0.12268227535437563,0.058107829659879734
1.910294771194458,-0.05107407989841885,-0.10457532446224857,-0.10450565044395504,-0.051715780378275567,0.1532719514365385,0.12465587081023546,0.10450831574813793,0.05228829916618894
1.922844409942627,-0.046222607351206604,-0.029004041508925615,-0.02859592451312886,-0.046707163452538926,0.11568348601652195,0.029004041508925615,0.14237682169414387,0.04711047543822409
1.926391839981079,-0.04590608337369035,0.0,0.0,-0.04632892985761648,0.09872082843672281,0.0,0.23060706843178816,0.04660492740868305
1.9308316707611084,-0.044234152523445126,0.0,0.0,-0.044619568744724655,0.08331121784377003,0.0,0.21870743745753063,0.04469287815507144
1.9465827941894531,-0.041420849761140216,0.0,0.0,-0.04178448933232767,0.06923665629284402,0.0,0.1336988844111202,0.04178448933232767
1.9529566764831543,-0.03869929128366959,0.0,0.0,-0.03900704361475734,0.056432863908371385,0.0,0.13165636232462755,0.03900704361475734
1.9627487659454346,-0.03739117854887367,0.0,0.0,-0.03764854133918134,0.049053927951352556,0.0,0.16072941955755973,0.03764854133918134
1.9752106666564941,-0.03631075450153039,0.0,0.0,-0.03654468999231351,0.044503888526148595,0.0,0.14122086979238002,0.03654468999231351
1.9899637699127197,-0.03635800641561998,0.0,0.0,-0.03648642437914551,0.04084120117396283,0.0,0.31140302865232355,0.03648642437914551
2.00380802154541,-0.03593783281831334,0.0,0.0,-0.036140800504893364,0.04186304978935704,0.0,0.08533435362943226,0.036140800504893364
2.0111451148986816,-0.03416968284099114,0.0,0.0,-0.03422711165726784,0.03562048012930011,0.0,0.288180664860677,0.03422711165726784
2.0276451110839844,-0.03509711512081546,0.0,0.0,-0.03519589889722316,0.038267584146577355,0.0,0.16147936499762747,0.03519589889722316
2.0396246910095215,-0.03460272867479501,0.0,0.0,-0.03457437178035436,0.035612262689363364,0.0,0.35079384580134193,0.03457437178035436
2.0480425357818604,-0.034144143909327504,0.0,0.0,-0.03423869027882013,0.03773434388269342,0.0,0.014490629353208774,0.03423869027882013
2.0573954582214355,-0.030355386378800548,0.0,0.0,-0.030345172273330147,0.03093617369285472,0.0,0.09515764795268945,0.030345172273330147
2.0659611225128174,-0.029958135489989456,0.0,0.0,-0.029977682842181795,0.031179931296374037,0.0026956064079158987,0.0032863366225194856,0.029977682842181795
2.0773563385009766,-0.02766741639731189,0.0,0.0,-0.027687786441955964,0.028671806927679937,0.06104221652348045,0.0,0.027687786441955964
2.0834426879882812,-0.0527067632238118,0.0,0.0,-0.05268170790141709,0.08690804179500508,0.0,0.05286773004504319,0.05279960473586709
2.1020395755767822,0.0,-0.07765656977483901,-0.07779451291577501,0.0,0.02249302647170264,0.31249389758825724,0.07779451291577501,0.07908037690806309
2.1075448989868164,-0.2584698752840798,-0.06230366532567296,-0.06131662980990564,-0.2584588008521993,0.677812613862511,0.24350154661907727,0.06131662980990564,0.2672877667026965
2.116851568222046,-0.04738524030270838,-0.050372792275646935,-0.04992100491085737,-0.04889077955719804,0.04865372444354368,0.16788123856479123,0.04992100491085737,0.0491703884591478
2.1294262409210205,-0.10200779519817181,-0.05058539721942154,-0.05001400740709363,-0.10208136068953394,0.1731972422192681,0.15060285242583818,0.05001400740709363,0.10250880632007023
2.142747640609741,-0.16097677410747901,-0.042880614449544135,-0.042302474407778276,-0.16154285240795252,0.32436321701510884,0.11439362270446804,0.042302474407778276,0.16387194333044228
2.1675124168395996,-0.13315000311665168,-0.037372181600614146,-0.036884763897511136,-0.13400908464681965,0.22102758983175494,0.08484779286207567,0.036884763897511136,0.13481637941812635
2.1759843826293945,-0.1268995784886457,-0.034974514622969514,-0.03449881348530588,-0.12753544558912,0.19086133352849874,0.06917228014929894,0.03452045880233543,0.12796563811993586
2.188269853591919,-0.01768304460049492,-0.03410741351715293,-0.033763500324919926,-0.01822849932726202,0.03669750139742887,0.055303412290868104,0.033763500324919926,0.15878609171177419
2.1973400115966797,0.0,-0.03591376595232161,-0.03557469005050371,0.0,0.04049837631874277,0.05439474743563974,0.03557469005050371,0.2215084289720976
2.2114791870117188,0.0,-0.03506458150092488,-0.03473387289980717,0.0,0.03396317088565659,0.048701336294668794,0.03473387289980717,0.18431457126000642
2.2304530143737793,0.0,-0.03373989297639378,-0.03346808316824744,0.0,0.03785425863802168,0.04224678709664019,0.03346889664729077,0.2157166062678827
2.242820978164673,0.0,-0.033596279110333326,-0.03338515933591178,0.0,0.04598556020232098,0.039529320495731254,0.03338515933591178,0.2758457313797399
2.2513716220855713,0.0,-0.03351350427744521,-0.03332046540648019,0.0,0.040284446994131626,0.038539878158514757,0.033322843242209035,0.24328740170949248
2.263941526412964,0.0,-0.03294008752307218,-0.03281467618951309,0.0,0.046924592049031336,0.03614255179237291,0.03281467618951309,0.29225638672545673
2.279376745223999,0.0,-0.03231060770097817,-0.032156791392775885,0.0,0.023856644409190587,0.03576090432671509,0.03223193374471152,0.14210979688089154
2.2955517768859863,0.0,-0.031742815218538584,-0.03177560534778684,0.0,0.06759926801184792,0.03263247014194416,0.03177560534778684,0.436737240352263
2.3024420738220215,0.0,-0.033803779142542664,-0.03373689751015108,0.0,0.03151621063086235,0.03810315337624076,0.033737440782801914,0.2026009456927319
2.31500506401062,0.0,-0.029963684536024975,-0.029899096916765955,0.0,0.0058366794494897015,0.03177850958927773,0.03014445570547765,0.03149982957918964
2.3230159282684326,0.0,-0.02803876826761716,-0.02809127202341959,0.0,0.02612433904282574,0.02833880882957912,0.02817490610957395,0.16485396578938488
2.3381540775299072,0.0,-0.027988306413764902,-0.027963357692960995,0.0,0.025695873459651943,0.029523480635698995,0.02829398623611498,0.0003747469574810062
2.3437862396240234,0.0,-0.06616184630327977,-0.0662402218774083,0.0,0.024054636970409,0.12773740938954553,0.0662402218774083,0.1365618811158241
2.358208179473877,-0.0715947236806022,-0.13871305616858054,-0.1383104591443872,-0.07133793514402209,0.3419931426378739,0.33000572331373723,0.1383104591443872,0.07913414221939251
2.364060401916504,-0.058249703223561065,-0.14836540585386754,-0.14763062794804055,-0.05910040753401235,0.2593371316860088,0.32605808802000974,0.14763062794804055,0.06375095928930953
2.3790833950042725,-0.050705552557962205,-0.13500074206068918,-0.1342384882578997,-0.05136487567525614,0.20331723404969262,0.2599253046941084,0.1342384882578997,0.054246515264111034
2.3930208683013916,-178.7045062530142,-180.24579407959396,-182.37930868835426,-176.52788785072843,179.43858959918376,181.96540317794475,182.37930868835426,177.47295896706024
2.4011971950531006,-49.00337335544275,-49.23958342401928,-49.01321352109797,-49.23193040249095,55.960713669211586,56.9030200327127,49.01321352109797,50.22520313973797
2.414273738861084,-48.763774788993786,-48.97633116612174,-48.76938489068957,-48.97256079462314,55.722903925047135,56.65064952311809,48.76938489068957,49.9740120760556
2.423466444015503,-48.5257203370779,-49.57300546276028,-50.19851364847705,-48.706721104183266,55.48930925526298,57.199365610640484,50.19851364847705,49.712648653979514
2.435565233230591,-48.04549916775847,-49.19048576146188,-48.24090666505416,-47.99088618747286,55.04034195353182,56.94295985856113,48.24090666505416,48.998180934328445
2.4485981464385986,-46.68786198071704,-47.821624062353656,-47.966470530646,-46.6366001518356,53.80585225955782,55.77370726055004,47.966470530646,47.635727251787
2.463803768157959,-45.41859219093453,-45.87927899881426,-46.5504751902963,-45.370653939397165,52.65603930659695,54.04708233432858,46.5504751902963,46.36418719558794
2.4744534492492676,-44.218426688048694,-45.266570179613765,-45.203943467896224,-44.18708276603011,51.57533044120733,53.496890697316964,45.203943467896224,45.17539533142578
2.4880690574645996,-43.08657368230468,-43.92264494593911,-43.88051248729024,-42.95123119019681,50.561943922859236,52.276916031813265,43.88051248729024,43.93509330357923
2.501352071762085,-42.01371997778291,-42.66319179805137,-42.62655624733619,-41.58556167379632,49.60711816172223,51.14107369512562,42.62655624733619,42.56592816570884
2.515599489212036,-41.00109097800685,-41.4077872693993,-41.419931312145074,-41.64979763725493,48.71055585620848,50.015494913140785,41.419931312145074,42.57351588344348
2.5227737426757812,-40.91877695499382,-40.175440975741616,-40.16070363574712,-39.956107630571964,48.78733256325837,48.91826777716492,40.16070363574712,40.85078035448882
2.536163330078125,-39.22187228540094,-39.121692555094114,-39.0904232837563,-39.160309698964824,47.27902564845911,47.98668771158873,39.0904232837563,40.01834780080465
2.551929473876953,-38.32768155285155,-37.976378816237364,-37.939344867509206,-38.87719063989301,46.50373264164913,46.98088889248845,37.939344867509206,39.76455971222105
2.5618484020233154,-37.470764943425856,-36.50566995648228,-36.74372866025975,-37.36242646931249,45.76487626264444,45.52063845401695,36.74372866025975,38.28257215436192
2.580179214477539,-36.65233927943702,-33.14782405257104,-33.33958232450497,-36.55968687258908,45.05967649605104,41.35298445579236,33.33958232450497,37.51383457357015
2.5868794918060303,-34.7192824914496,-31.06317659677582,-31.22134282777965,-34.45576556572715,42.781771084928664,38.786538896162995,31.22134282777965,35.39331262587941
2.601872682571411,-33.4883383547411,-29.362855029088628,-29.495635366530475,-33.31944931723201,41.36261045573012,36.69452368047032,29.495635366530475,34.23573011299234
2.607367753982544,-30.919330879429662,-28.274306083076787,-28.386693668760618,-30.739193427577156,38.202960782240055,35.373259187472286,28.386693668760618,31.582274607756407
2.6203887462615967,-29.864894187265453,-27.201392213270154,-27.299074158026105,-29.71615628289247,36.93164504123192,34.062328497360156,27.299074158026105,30.536005728698818
2.638414144515991,-29.515307631386964,-26.11752573072737,-26.205130478139242,-29.38226772122722,36.53898610751392,32.729836050450245,26.205130478139242,30.202067874040484
2.64656138420105,-29.387331859895276,-25.018332079615178,-25.098946869542175,-29.279447554059548,36.42158556593009,31.371706436261473,25.098946869542175,30.106049560143436
2.656228542327881,-28.097823440839058,-23.909205528997582,-23.98573388486157,-27.98730488133343,34.84038204522253,29.998886645728696,23.98573388486157,28.780907037018984
2.6673831939697266,-27.059827469575993,-22.840283178930704,-22.91451062500114,-26.963883675639195,33.570315993827336,28.67175044456728,22.91451062500114,27.73175334065765
2.673322916030884,-25.794522360878485,-21.80923270954352,-21.882591205336222,-25.707608931674084,32.008898343753465,27.38919046852341,21.882591205336222,26.441269154021423
2.687250852584839,-24.49992140541014,-20.828099529359076,-20.901978746574795,-24.4061631634357,30.405702630347673,26.16654217295659,20.901978746574795,25.103806829711836
2.7087104320526123,-23.68630268149768,-19.902312952192933,-19.977179894062644,-23.60142965761815,29.405768018025892,25.009401895397136,19.977179894062644,24.278623966403547
2.719221591949463,-22.750595105477828,-19.194834014129246,-19.093594540801238,-22.673403966377446,28.248496862706862,24.05989235341247,19.093594540801238,23.325262972039393
2.731370687484741,-21.47753566535715,-18.239636320158308,-18.25431171424436,-21.38819982976023,26.660589873681868,22.935202607967895,18.25431171424436,22.00207955458228
2.7496352195739746,-20.15104153557181,-17.421091655817687,-17.47412837409315,-20.064583911508574,25.001021498137742,21.918011787431833,17.47412837409315,20.638069515844904
2.767794132232666,-18.661127585076393,-16.702903413238584,-16.75132452733013,-18.574056489964875,23.130786482482268,21.00719558991091,16.75132452733013,19.100888708608565
2.7800111770629883,-17.201503619448776,-16.022541389837926,-16.29962664144831,-17.112402532602697,21.294891246435597,20.158823646851626,16.29962664144831,17.592712926644097
2.7882158756256104,-15.86077429301392,-15.432757273218265,-15.578311286171914,-15.773713164938373,19.60823398943627,19.4102677892292,15.578311286171914,16.211052215670374
2.801910161972046,-14.801124025065093,-14.894079011777317,-15.006222718104011,-14.715520375265891,18.275947993877573,18.72921985074895,15.006222718104011,15.119500433288344
2.809967279434204,-13.543949573010817,-14.37516755867232,-14.51166480884699,-13.459051899720436,16.691048276552845,18.08592496841493,14.51166480884699,13.822298772944215
2.824601411819458,-12.499631862257248,-13.922832706674708,-14.05703658946492,-12.416259592536408,15.374999517275935,17.516017980799756,14.05703658946492,12.746090457405465
2.838872194290161,-11.209448102173083,-13.525023549685343,-13.637644252826734,-11.126842448362535,13.74483531870976,17.011330945579626,13.637644252826734,11.414270581120865
2.853235960006714,-10.449916799814721,-13.247380933280114,-13.242682487447441,-10.368667104160426,12.787295980486466,16.72525697014604,13.242682487447441,10.632798480918042
2.8592288494110107,-9.725284586513695,-13.068747439465355,-13.128247433522887,-9.6418688921625,11.874037809183,16.537082111850374,13.128247433522887,9.88225095393204
2.8727540969848633,-10.069861826945939,-13.280881594501754,-13.34647162265576,-9.987206322928714,12.320931149959833,16.818577795864613,13.34647162265576,10.240346397670478
2.884298801422119,-10.265714071651557,-13.872170504215005,-13.953312883063008,-10.183387518236009,12.578795779839272,17.594677366907817,13.953312883063008,10.441889336659164
2.8940887451171875,-10.330587588557893,-14.41481882803235,-14.464720348051477,-10.24887343956719,12.67036265887244,18.310173264995647,14.464720348051477,10.508353329345992
2.9090352058410645,-10.287924230000657,-14.127108451255802,-14.195656944983636,-10.205950814806181,12.625000273035715,17.940958909788712,14.195656944983636,10.467175513972796
2.9180190563201904,0.0,-24.186877166831046,-4.237576711073938,0.0,2.7803672186503072,27.11881727201858,4.237576711073938,12.925129393846257
2.932690382003784,0.0,-21.499153305527688,-9.77098159748543,0.0,1.2433406260935116,24.861688905809277,9.77098159748543,8.758580158680722
2.9530816078186035,0.0,-17.3304845283798,-15.590877766358362,0.0,0.32429341613037166,21.280407715027756,15.590877766358362,3.710417893599648
2.965456485748291,-0.14353704184012317,-14.536039118341508,-17.895886824576685,0.0,2.4857952515848387,18.739549825927654,17.895886824576685,0.2138753659147714
2.977592706680298,-1.1108703145581234,-12.995046756126019,-18.135572203496647,0.0,3.2476410065048738,17.24628238988,18.135572203496647,0.4036810250900549
2.9880285263061523,-1.7079148171240541,-11.105324422228119,-18.48223357007682,0.0,2.5871497791385942,15.538368102257381,18.48223357007682,0.1871110911228992
3.00423526763916,-2.0654593819236338,-10.144376981972654,-18.073681062371293,0.0,2.6147938276378886,14.692393116682943,18.073681062371293,0.19006379081388658
3.0202724933624268,-2.954674036294143,-7.789702535986105,-18.572603338136183,0.0,3.3214484099157264,12.787893013860806,18.572603338136183,0.0683505336814596
3.031874895095825,-3.2219086562902204,-6.182429510079512,-18.50240169601636,0.0,3.9712768007733765,11.623454429634876,18.50240169601636,0.28072585525324445
3.040592670440674,-3.390044850297264,-5.148875153068719,-17.931566241506633,-0.03625018715327978,4.57024032117409,10.93759040553758,17.931566241506633,0.45073496612769165
3.054887294769287,-3.0775787691413594,-4.833938297417696,-16.952591830554162,-0.4681591088623158,3.8965279839932587,10.71786009675759,16.952591830554162,0.6097073767832829
3.06927752494812,-2.8814612442501932,-3.9622434969228664,-16.445766850945304,-1.2684075067630531,4.372930376485472,10.106857338613558,16.445766850945304,1.3895043085421455
3.0918076038360596,-3.2019262202074765,-1.9373186370316917,-16.497673146431946,-2.7417338317418,7.046325740097956,8.916627508857474,16.497673146431946,2.9447907143591627
3.10556697845459,-2.487527314077789,-0.32226080472952967,-16.640981771320043,-3.199715011114555,6.420193176963929,7.7850330769004,16.640981771320043,3.3577666675877516
3.1161129474639893,0.0,0.0,-14.574046325148668,-1.0071382781133191,0.8630559809250078,5.209021375143539,14.574046325148668,2.403383547652818
3.1318182945251465,0.0,-0.8335150711436536,-15.178370558404351,0.0,1.131464068781609,8.56802355831361,15.178370558404351,5.183376428560762
3.149501323699951,-55.183825141697056,0.0,-0.9603311037018099,-0.010296315220524349,55.239977276548984,0.9082479239395163,1.8345973519526637,4.735198037705089
3.162867307662964,-51.541130256489524,0.0,0.0,-28.57624179191407,54.477815328144324,0.0,7.190095554551372,28.784635257095662
3.1777195930480957,-23.460194860822483,0.0,0.0,-36.465235358890425,31.381335636052253,0.0,6.083978442478497,37.61735313312569
3.185241460800171,-19.02540703842063,0.0,0.0,-33.83128888472222,26.327233385810235,0.0,4.584055299474323,34.865356246551585
3.209611415863037,-16.250886224297133,0.0,0.0,-30.90499580209464,22.893227211779454,0.021085111097021585,0.9549289773259811,31.801573009304978
3.2232015132904053,-10.778190789993117,0.0,0.0,-30.902843895441094,17.788202883374414,0.0,4.789861262644551,31.789114557661485
3.2348639965057373,-9.820354581299089,-0.856820239857178,0.0,-28.679241846934705,16.555818043097275,1.125369129718056,0.0,29.445508272952495
3.2447032928466797,-9.198881774631552,-1.5492073979382752,0.0,-25.93996830364461,15.536969246374369,2.3183386523865517,0.0,26.645004682100364
3.255488157272339,-7.74182211205627,-1.97311123649967,0.0,-23.99500085333701,13.994241845698523,2.312602822978466,0.0,24.664031829320134
3.273606061935425,-7.193949877077081,-2.2620086824786787,0.0,-21.919755609035988,13.264105128749222,2.652396323623113,0.0,22.559773967093907
3.288022994995117,-3.8165824863213462,-3.009867160367925,0.0,-21.60250168312944,10.814204685586674,3.5679972609315227,0.0,22.205378641678887
3.2946596145629883,-4.0620128534500966,-3.0991461972046537,0.0,-19.60490397792178,10.809902082092334,3.7997461036513425,0.0,20.2049276740409
3.3099565505981445,-3.1790048460302667,-3.3203993949390425,-0.0910675843295298,-18.250346927645243,10.123998459129519,4.5391008710025,0.0910675843295298,18.83707537322489
3.3265066146850586,-2.8229054260709034,-2.9193168816110187,-0.573149282680645,-16.73441025647864,9.694158693706541,3.9160441340146774,0.573149282680645,17.334005186425006
3.3349525928497314,-1.1125088449329235,-3.260893191288188,-1.9086789915626232,-16.125978149077362,8.685547608253152,6.218652787876968,1.9086789915626232,16.688929075124545
3.3468756675720215,-0.23485061662989973,-2.7759139679215834,-2.5599687404249787,-15.39827278689315,7.850339466949095,6.149024973154144,2.5599687404249787,15.960600907662403
3.3560314178466797,-0.2653729583141821,-0.8578388289878977,-1.1954076515473688,-13.940078021285249,7.484441080198842,0.9015396540565219,1.195725258256933,14.581441821637938
3.370216131210327,-0.0634776903359633,-0.9618947256813792,-2.1771705894118476,-14.254944387661128,6.804089457710247,2.8070447900662208,2.1771705894118476,14.85075973224535
3.387075901031494,-0.013388948744598783,0.0,-0.5793616087124034,-13.643227342290634,6.289655688459876,0.0,3.803482024682477,14.303925401225662
3.4021105766296387,0.0,0.0,-0.3050521093947111,-0.5093212289008924,0.9210206109380727,0.0,5.044568312848585,3.430353497048972
3.407480478286743,0.0,0.0,-0.4281426378779376,0.0,1.5944602220387707,0.0,4.65009076475023,7.602293492655149
3.4227192401885986,0.0,-85.95184511747175,-0.4304577241552169,0.0,0.5358556983175106,86.90362682851517,3.9639655725411593,2.8054783505992447
3.438673973083496,0.0,-19.849461421063705,-26.398059211728306,0.0,1.0000815602524677,28.092233588826748,26.398059211728306,5.255446693161289
3.4478414058685303,0.0,-14.789828870656724,-32.62056359715564,0.0,0.6610009685999172,22.284649009563243,32.62056359715564,3.2804783622577327
3.463467597961426,0.0,-12.451038627067138,-29.970788590284222,0.0,0.045733790682331577,19.299866576083502,29.970788590284222,0.03553066925703324
3.482135534286499,-0.24917704871506605,-9.774029248087924,-28.090330568641182,0.0,0.24917704871506605,16.344870727991392,28.090330568641182,0.0
3.496072292327881,-1.1088746511194931,-7.4801553657399324,-26.56793505796629,0.0,1.1088746511194931,13.999963601765204,26.56793505796629,0.0
3.505448818206787,-2.012862530569838,-5.891709439809133,-24.923035219107188,0.0,2.012862530569838,12.415088182457373,24.923035219107188,0.0
3.518911838531494,-2.6791341131509396,-4.844100919945183,-23.11287055698969,0.0,2.729100771299055,11.359962527602956,23.11287055698969,0.0
3.531827211380005,-2.9085515652541876,-4.468610278496219,-21.07002722025266,0.0,3.0959411921384623,10.822727856580036,21.07002722025266,0.049186160332717735
3.539475202560425,-3.071296333436967,-3.3615608392592677,-19.59157195524474,0.0,3.5192427007090084,9.898011214303931,19.59157195524474,0.15620784438764987
3.5548954010009766,-2.744406085890234,-3.671157547323883,-17.56878594480827,0.0,3.0173316219468553,9.852712844215986,17.56878594480827,0.165306718179558
3.5623905658721924,-3.2723004420187065,-2.072490481471807,-16.75307686953792,-0.5340220875821168,4.72147027660885,8.752485498494522,16.75307686953792,0.7282339734547228
3.575357675552368,-2.888265109327106,-1.1344806816742972,-15.597518824213592,-1.1244588498640096,4.471499164195297,8.086067901298986,15.597518824213592,1.2563277321504436
3.5875370502471924,-1.9506777261612476,-0.9843049633429711,-14.279909166733436,-1.1331681232761346,2.7219798050836177,7.71683319144898,14.279909166733436,1.1790851333771857
3.596652030944824,-2.0295913511080785,-0.20068094589253996,-13.842219628167992,-2.096126011803892,4.458093725128488,7.09467535661047,13.842219628167992,2.205496730605754
3.6176140308380127,-1.9686925808404012,0.0,-13.86668159765161,-3.0033028262707457,5.920969766886146,6.136671631347838,13.86668159765161,3.1579749225163467
3.6281468868255615,-0.06434417517634433,0.0,-13.781161810095522,-1.7030194324827392,0.757712577386736,5.1634419151219175,13.781161810095522,1.7662990610856557
3.64387845993042,0.0,-0.08715315426556498,-12.37559839358507,-0.0846705958541982,1.1023223918223994,5.754121216571327,12.37559839358507,5.0625292174481915
3.6580026149749756,0.0,0.0,-0.5941685558768203,-0.2124851814392496,1.0244866345917982,0.0,2.855153554065557,5.044814549017298
3.6648871898651123,0.0,0.0,0.0,-0.32062466193903805,0.7750850207383878,0.0,6.063643950082859,4.506624332876637
3.6776676177978516,-58.380128243179534,0.0,0.0,-0.3932791932084432,58.392259487074334,0.0,3.976100724394096,3.800377669458173
3.687479019165039,-31.206921800205386,0.0,0.0,-2.601717426808094,33.75665022608144,0.0,4.111529141306804,2.622343683853359
3.700307607650757,-14.134391776066439,0.0,0.0,-39.38891586388923,20.231714651266287,0.0,3.717740883267017,39.84039399866518
3.7129065990448,-11.592605470423447,0.0,0.0,-27.726092841068525,17.073018675391726,0.0,0.39328441666537595,28.476594230460325
3.721283435821533,-9.392109995674845,0.0,0.0,-25.844334686262137,14.630005751167072,0.1204901956755704,0.17200574564054644,26.54352899909516
3.734071731567383,-8.364500194239609,-0.576401223029714,0.0,-23.667564215015318,13.275018765327887,0.9906898312724328,0.0,24.303644355828077
3.741173028945923,-6.621525496403642,-0.9201088596570556,0.0,-22.391114923517637,11.558524158251842,1.0473034787983844,0.2811792943774867,23.002469783062036
3.750504970550537,-5.833460037176488,-1.4762615322780768,0.0,-20.9085498612753,10.73668504624427,1.6401314961329219,0.14990571722367518,21.486473656979324
3.756699323654175,-5.720789406020168,-1.7595560335135976,0.0,-19.12764673959043,10.449533829925315,1.9839237379859644,0.0,19.681775048064512
3.768636703491211,-5.764093658720038,-1.7857153664672127,0.0,-17.384370065941877,10.285882959455463,2.0170159850565925,0.0,17.92610023971854
3.7758243083953857,-4.367323074228363,-2.175292979177713,0.0,-16.808095291329394,9.18740693904474,2.315562136870246,0.20213105775495344,17.338557845260503
3.7927792072296143,-4.375811366428034,-2.175843862849067,0.0,-15.576299411149826,9.143936301942436,2.3185097142658755,0.0015801610935363662,16.10608786522352
3.798971176147461,-2.7610263956957826,-2.818686803965604,0.0,-15.355242768944773,8.117848684677625,3.1659930646990193,0.0,15.864506865926757
3.810873031616211,-1.8423005374726817,-2.9635851981811006,0.0,-14.715099276482524,7.636358986831612,3.601291936586128,0.0,15.223881980513104
3.8152947425842285,-2.2816376162245806,-2.127480179540302,-0.04274518033565007,-13.386023772467368,7.7775466722649185,2.2709407560712447,0.04274518033565007,13.93876627970256
3.8256354331970215,-2.673501715389817,-1.5567604483623136,-0.25887076268359543,-12.362601054406483,7.875138148079283,1.60720668812769,0.25887076268359543,12.941010511354069
3.8321340084075928,-1.8632649055192536,-1.8397263734112728,-1.0594970737994363,-12.185017676708576,7.340528457142918,3.0461897830555777,1.0594970737994363,12.732886562950094
3.8442630767822266,-0.7072848718636893,-1.864973007569254,-1.756857357581331,-12.079265651436483,6.696853078707235,4.132579474231103,1.756857357581331,12.60683641131924
3.8499515056610107,-0.5584369801614143,-0.8854681049513137,-1.310299501635281,-11.422260527228886,6.343779065528207,1.6645996322913132,1.310299501635281,11.985633372376968
3.862858295440674,-0.6899768267118238,-0.30747334499295986,-1.123820904774686,-11.016744242790038,6.125387904525138,0.582791547848299,1.124229952444838,11.588079987281917
3.8716301918029785,-0.04953839565730929,-0.9872548248585102,-2.4788134252445495,-11.798557708161756,5.565714971853704,4.271487732964342,2.4788134252445495,12.298000070361944
3.883571147918701,0.0,0.0,-1.51701672075239,-11.971403141942812,4.942911281775322,0.87681473491802,1.778479083767127,12.511363232209128
3.8890678882598877,0.0,0.0,-0.3318979000826799,-11.194848255495657,4.1071785624540915,0.0,4.718933348066483,11.750051804755769
3.9062700271606445,0.0,0.0,-0.14810327313724747,-1.7119672657946663,0.7912971961393288,0.0,4.7638224015676895,2.3488079717010915
3.920056104660034,0.0,0.0,-0.3262031188705752,0.0,1.377139527687012,0.0,4.085275335437394,6.565983600442609
3.92952299118042,0.0,-51.412471868726286,-0.48599535225860707,0.0,1.2106859745400138,51.79202923806893,3.396938784244803,6.382486888869252
3.9397807121276855,0.0,-29.48931860173342,-35.50287879347653,0.0,0.6249951203739876,31.867028322006217,35.50287879347653,3.7430470306800885
3.9518964290618896,0.0,-13.228727566791072,-29.49489530531249,0.0,0.33169613474002646,19.503329694262916,29.49489530531249,0.7284885109571421
3.9618489742279053,0.0,-10.526566670932203,-27.57722877521428,0.0,0.17545438064619479,16.436692013515348,27.57722877521428,1.6523694781839775
3.9802961349487305,0.0,-7.40748906609129,-27.006142822540106,0.0,0.09209308464846402,13.495000454378127,27.006142822540106,2.2154271747576457
3.9954299926757812,-0.8379324058974931,-5.808508746843536,-25.886562352106992,0.0,0.8379324058974931,11.962888099923632,25.886562352106992,0.0
4.007521152496338,-1.641812617277752,-6.034999476372121,-23.52831325985993,0.0,1.9776380720894664,11.753274158047391,23.52831325985993,0.07609478416357872
4.022758722305298,-2.1627748489189793,-4.400604057887185,-22.30603086226936,0.0,2.16298071091614,10.346392757164391,22.30603086226936,0.0
4.035570859909058,-2.8113233129971684,-2.756143791238553,-21.354512953179565,0.0,2.86181891091039,9.221786417136391,21.354512953179565,0.0
4.047062158584595,-2.98580620188683,-3.0913438989421023,-19.41976346855694,0.0,3.2703652433668435,9.29106193588859,19.41976346855694,0.08321844625928926
4.056354761123657,-3.076420839939263,-2.802482857858367,-17.859079444634066,0.0,3.521006487737032,8.998267017877236,17.859079444634066,0.19827567698645437
4.068596839904785,-2.9768478364628854,-2.330739703176943,-16.511927183372414,-0.05631418828404951,3.6364827835501337,8.600537631532088,16.511927183372414,0.31005980951513
4.077707767486572,-2.8734225310875603,-1.5735692127891094,-15.452065509033297,-0.716197400046181,4.0372799893938005,8.071930161945387,15.452065509033297,0.8546403389040683
4.0933518409729,-2.932984880544801,-0.25002098262115907,-14.782668231194389,-1.6820667013791364,5.343118867016597,7.385904353478536,14.782668231194389,1.8554989403428364
4.106745719909668,-2.881547723896416,0.0,-14.380713903130694,-2.758029090422389,6.785058744796724,6.561398166102985,14.380713903130694,2.97470125396361
4.119130611419678,-1.0207175086720335,0.0,-13.076622094621918,-1.5080954217877096,1.5124393947890897,6.227730441011122,13.076622094621918,1.5182519725952104
4.126779794692993,-0.903799734416851,0.0,-13.282521332528255,-2.184033560869558,2.7583906740903212,5.642486353811721,13.282521332528255,2.2313857474078347
4.139781713485718,0.0,0.0,-12.48323634005302,-0.558977071047508,0.9110514509921515,5.560135952258599,12.48323634005302,3.701894007777091
4.155356168746948,0.0,-0.1531742043721257,-11.856572022634479,0.0,1.0307897597319289,5.833391676827718,11.856572022634479,5.03989991542023
4.162157773971558,0.0,0.0,-0.7210515520846769,-0.19848133151200492,0.8855252773493776,0.35334937604225947,2.171479780243702,4.575294058745665
4.1765217781066895,0.0,0.0,0.0,-0.34558480031816985,0.6557401947014397,0.0,6.091866603706787,4.023163455208783
4.182420015335083,0.0,0.0,0.0,-0.4013376546211995,0.5011664706568242,0.0,3.631660995264082,3.37431877705535
4.196692943572998,-62.7015623123165,0.0,0.0,-24.957512711999648,62.72067351212333,0.0,3.0471856326304647,24.98212211398134
4.20989727973938,-18.677998011940446,0.0,0.0,-27.762036227469824,21.81353412520559,0.0,3.1077128133702243,28.569095023359864
4.218758583068848,-10.861652057730755,0.0,0.0,-26.39234207558186,16.03140116476207,0.0,3.0547831573701685,27.18569370794411
4.232167720794678,-9.532905791762813,0.0,0.0,-24.66216556064242,14.431166203033095,0.15131377766230705,0.0718314731579264,25.37348498131296
4.23823094367981,-8.010118267900953,-0.22325989631336343,0.0,-23.292815575290494,12.802513624435605,0.38503640558551894,0.19189910596107784,23.96529153946081
4.252413272857666,-7.207496495273619,-0.8040133416367273,0.0,-21.77071262790704,11.863863877340426,1.000894601742062,0.08342333863788721,22.40139026619411
4.258584499359131,-5.9270972920666365,-1.2298500169277933,0.0,-20.833671665054013,10.707107658951774,1.3698284315451674,0.32048846558363275,21.446287227949806
4.270839691162109,-5.718192374206869,-1.6879216461140651,0.0,-19.425398009059123,10.439057609525708,1.8653330053545223,0.0853593661778001,20.012583086634013
4.27703857421875,-5.296663275700161,-1.960463811117891,0.0,-18.20937912852083,10.044056777881975,2.1263879853301555,0.09950921753305239,18.78500304474632
4.289079904556274,-5.49436894194193,-1.9903653545391202,0.0,-16.735920806238337,10.10923098000378,2.175469213973469,0.0,17.30597567424929
4.296173572540283,-4.512530531250073,-2.318150338496246,0.0,-16.109948334475284,9.368446303904834,2.4689575970899336,0.09073688644129754,16.672239531603708
4.307233572006226,-4.4283042014905005,-2.27658707827019,0.0,-15.070171082534793,9.289918326228543,2.434565156793443,0.0,15.636600347753514
4.312035322189331,-3.8333268353757797,-2.4006020629999645,0.0,-14.396938561054988,8.865541331053683,2.6705544181975247,0.0,14.960830858963414
4.320138216018677,-3.9997937761875018,-1.9658920142669452,0.0,-13.350556273275156,8.905180762103496,2.103784052221493,0.0,13.93536375254329
4.330663204193115,-3.068491779375391,-2.2363951119598875,-0.42286208434862377,-13.076998245049944,8.253634542259292,3.010493923095957,0.42286208434862377,13.642878644661838
4.3479859828948975,-2.9042370314330066,-1.6918172731785397,-0.5734957595275517,-12.337722971305906,8.017058757501859,2.111485642527894,0.5734957595275517,12.925168081643683
4.351691246032715,-0.9736524147267146,-2.5145178981948546,-1.979187154056143,-12.745426853299932,7.019995896375692,5.642686267077657,1.979187154056143,13.270275724550823
4.3636040687561035,-0.9320299039889495,-1.1092427746078692,-1.202115874168402,-11.820409863460497,6.687899878496183,1.7277391586047215,1.202115874168402,12.407558857005617
4.370209455490112,-0.11318344757901304,-1.2672021740146104,-2.059647771938798,-11.973376157756853,6.25908256269486,3.543533511437741,2.059647771938798,12.522137897387118
4.38186240196228,-0.109882723125084,-0.14970880919918048,-1.1916352533040473,-11.391740214898402,5.9621174255987155,0.36084473855678467,1.3417428762618322,11.978662816393335
4.388607740402222,0.0,-0.35402262895913844,-1.9687430536093498,-12.10131272581853,5.4696079328636635,2.3245332504351235,1.9687430536093498,12.644032934726877
4.399877309799194,-0.011417698646857474,0.0,-0.5150063116557344,-11.629748287124563,5.327182870687386,0.0,3.8024944520062007,12.222254009789062
4.407933950424194,0.0,0.0,-0.25535145258412106,-9.352759960694845,2.419880713650621,0.0,4.67655789240582,9.868940112060605
4.420797824859619,0.0,0.0,-0.14978289166335396,-0.5877401956367725,0.5922630495113184,0.0,4.350198265274708,2.205483165617115
4.427642345428467,0.0,-26.174678779987946,-0.35670107073365753,0.0,1.4103821500594147,26.40961529149303,3.6481775173087816,6.96606923553994
4.434661149978638,0.0,-55.52285551764514,-3.3494225119655088,-0.0960271676939186,0.35044364218410784,56.375842661492946,3.3523835446906745,1.8136168993269162
4.444151878356934,0.0,-15.276516503542815,-43.891225014982105,0.0,0.8281282264280145,21.571855324674228,43.891225014982105,4.2094422928829305
4.44951605796814,0.0,-13.105654879364538,-26.33826953856782,0.0,0.36812604338655214,18.589735844603283,26.33826953856782,0.7051809911383429
4.464449644088745,0.0,-11.18618160807816,-24.192613813220508,0.0,0.09619975904462585,16.161958362440412,24.192613813220508,0.8877858481923315
4.478119611740112,0.0,-8.81102543908955,-23.431474370656765,0.0,0.2561947714999527,13.714460884212432,23.431474370656765,2.331012897502942
4.4877235889434814,0.0,-7.135772469852358,-22.8731625353264,0.0,0.0,12.077901485405485,22.8731625353264,1.000907907087972
4.5024659633636475,-0.6075351478607132,-5.951738760036256,-22.15022946112042,0.0,0.6075351478607132,10.966497730672181,22.15022946112042,0.0
4.518790006637573,-1.3128635427584139,-5.30145239708997,-21.09333999585401,0.0,1.3128635427584139,10.335420214435313,21.09333999585401,0.0
4.530963182449341,-1.964313088942962,-4.061982769820522,-20.45519689642184,0.0,1.964313088942962,9.421585599720677,20.45519689642184,0.0
4.5394697189331055,-2.560796071073183,-3.5746802289740014,-19.425419817505983,0.0,2.563696201793265,9.113759073518503,19.425419817505983,0.0
4.550630807876587,-2.6481490316267133,-3.8802361218238066,-17.89293916697094,0.0,2.7367247304882567,9.29881889097833,17.89293916697094,0.05072720701718568
4.557176828384399,-2.765668513220806,-3.530713522207915,-16.74241482407489,0.0,2.946910641090306,9.038737975240718,16.74241482407489,0.09728075879451573
4.568670749664307,-2.306717751241315,-4.027547276860666,-15.22706529591261,0.0,2.4062950163479955,9.286241877807946,15.22706529591261,0.12735420381279958
4.574124813079834,-2.7878000978023705,-2.7979229748895214,-14.806666600396918,-0.16942364796603526,3.6230356769883523,8.460096524245655,14.806666600396918,0.38447566620068974
4.581945896148682,-1.8801914135858397,-3.1986121916846075,-13.48692622353909,-0.245168805746762,2.010094150280915,8.547690513999255,13.48692622353909,0.2942700239656987
4.5909483432769775,-1.9614945541284805,-2.597126896430059,-13.020887447653573,-0.8770908108524064,2.8907158406726814,8.073415124603633,13.020887447653573,0.9664849951071824
4.59622049331665,-1.2781653251546696,-2.5978152314681036,-12.218518469537479,-0.8696237899496598,1.6873339939213232,7.8536828772405185,12.218518469537479,0.9035370877474385
4.603559970855713,-0.7690419277156532,-2.7316906764060134,-11.606308278384653,-0.8934606531257694,0.993710260922578,7.704144062457828,11.606308278384653,0.907977235653986
4.614433288574219,-1.4438962552556762,-1.4077802284901204,-11.987706734365524,-2.1668783821927793,4.394922963177347,6.854961103687767,11.987706734365524,2.3137978115654674
4.6305646896362305,-0.45111232942445734,-1.1087744992044293,-11.482499490222644,-1.5038811221179404,1.5610491250990333,6.364895851608362,11.482499490222644,1.531991364752601
4.639767646789551,-1.0572572455905578,0.0,-12.499555251647408,-2.833444834218529,5.028225405386349,5.501579449491327,12.499555251647408,2.9890294886510045
4.649360179901123,0.0,0.0,-12.419469632981487,-1.0487649877341163,0.7420695157513535,4.801279923855713,12.419469632981487,3.119817670520515
4.656972885131836,0.0,-0.14688562743284952,-11.58314563925674,-0.033899340910133885,0.9533613970135077,5.443584096277504,11.58314563925674,5.0476816748626785
4.671440124511719,0.0,-0.024162928657245897,-10.704494699572194,-0.027357554260402178,0.835256909985296,4.444648467021716,10.704494699572194,4.5547146115988655
4.687605619430542,0.0,0.0,0.0,-0.2653902276789082,0.6361712369163497,0.0,4.132842739943171,3.8900733293824246
4.693114519119263,-37.52376058365665,0.0,0.0,-3.1230173533246237,37.52409779698334,0.0,6.813300604402525,3.1277994715178994
4.705859422683716,-42.35773109143635,0.0,0.0,-39.92747452116135,43.28977248672977,0.0,2.419529819807013,40.32742432926559
4.712275266647339,-13.364322266905802,0.0,0.0,-27.39678407643784,18.854981327017704,0.0,3.5496717189112514,28.29240692253926
4.718703508377075,-11.849535185564806,0.0,0.0,-25.055321298837136,16.82146021259121,0.40440853548451755,0.4750177783715137,25.846649887624157
4.729255199432373,-9.967863986494917,0.0,0.0,-23.484216096392352,14.655820515439641,0.0,0.9067235650529587,24.236368115276296
4.737468004226685,-8.869286049960188,0.0,0.0,-21.94235614944413,13.295991361709962,0.311134562052727,0.03431064626778804,22.640118960279146
4.7480857372283936,-7.490062612720798,-0.22501931866160768,0.0,-20.99613866315815,11.877046169842734,0.34856706001474264,0.26665733666139585,21.67091563707637
4.757965326309204,-6.906918652286603,-0.7699582837184921,0.0,-19.812962064255494,11.198666070950857,0.9089010443113209,0.12049531549421072,20.452172735733427
4.771969318389893,-5.7478621062226445,-1.1637680101985803,0.0,-19.211296204475246,10.202429697167497,1.2777053485414307,0.3655434806208353,19.839843570090007
4.782275199890137,-5.667745226143395,-1.608913520825314,0.0,-18.05183698729445,10.088774659945882,1.7579490413010401,0.0995730407083766,18.659556391876812
4.7884485721588135,-5.027753963587038,-1.945985989834941,0.0,-17.261717641081486,9.596229776362732,2.084881782053706,0.18436749008990397,17.863429467655585
4.793873071670532,-5.3004137607231145,-2.01956660118193,0.0,-15.993127041704355,9.779417885588021,2.171170366167373,0.0,16.592706688370164
4.806546688079834,-5.229569636738567,-2.0294322215577236,0.0,-14.969881034247301,9.690211859013878,2.1652900621115068,0.0,15.572509174363534
4.812534332275391,-4.615783738860052,-2.2173556132703687,0.0,-14.38685338948936,9.230675169970192,2.3708783744460744,0.0,14.986999107576198
4.823642253875732,-3.785592789023983,-2.462084012598437,0.0,-13.978488249295031,8.667062036639017,2.7692797445446864,0.0,14.57325345139705
4.828361988067627,-3.9446549906365744,-2.0158891764385167,0.0,-13.018015255190651,8.727383202945145,2.168636164452762,0.0,13.637814781411418
4.838599920272827,-4.357855034860524,-1.4706708899411347,-0.07326523898078106,-12.063805579480757,8.916513090533613,1.5066920457563813,0.07326523898078106,12.70945348846833
4.8462073802948,-3.5355784799942893,-1.7864463882006256,-0.6588876124501208,-11.98640436408629,8.286052256945322,2.6138002597339427,0.6588876124501208,12.602290516234417
4.856761932373047,-3.19370053692916,-1.3818262870864233,-0.8121781096183833,-11.536777542833038,7.9148621097887695,2.0279639754114944,0.8121781096183833,12.162612837783756
4.866272926330566,-1.4425601049800676,-2.066607210298095,-2.0719540216730046,-12.008218934591197,6.90033997959375,5.221195217527351,2.0719540216730046,12.571632118063885
4.879069566726685,-0.10491476491059054,-1.6665399366229348,-2.3607353785443226,-11.98410892510969,6.204770752407418,4.815953621073924,2.3607353785443226,12.546429115344628
4.89257287979126,-0.03947250604347764,-0.5860308248518245,-1.667601552803383,-11.560767366114062,5.758136712687421,1.8240071963812807,1.667601552803383,12.159620281443768
4.905486106872559,0.0,-0.375945557937176,-1.9976827892484823,-12.113072382976423,5.2396605361434885,2.2696851013115675,1.9976827892484823,12.691367392924732
4.914819955825806,0.0,0.0,-0.7247241096908469,-11.142403945659908,3.5087219813867674,0.0,4.034986423107949,11.730628694479918
4.940147638320923,0.0,0.0,-0.390643823086517,0.0,1.3391869706554909,0.0,5.166403504166002,5.817221900208974
4.9576780796051025,0.0,0.0,-0.508079878978213,0.0,1.5926640116206316,0.0,4.6178433029412504,8.181323235540614
4.967867374420166,0.0,0.0,-0.6703578718030049,0.0,1.1342290582076917,0.0,3.94702470046277,6.5366514397116875
4.975038290023804,0.0,0.0,-9.13146952187636,0.0,0.9927008225724617,0.0,9.13146952187636,0.5053056707884392
4.98388409614563,0.0,-64.84262934852009,-51.19168242661987,0.0,0.568616579682212,65.31887185674803,51.19168242661987,0.0992131839890498
4.9944374561309814,-0.2686419098160767,-13.909044240780053,-29.6259432626304,0.0,1.0343242392770224,20.773584069472136,29.6259432626304,0.0
5.007944822311401,-0.6242103257366096,-11.680175467417254,-27.147862894839815,0.0,0.6405152598982781,18.026155900231025,27.147862894839815,0.0
5.024150609970093,-1.1568620544655144,-9.173576699079616,-25.6252181705209,0.0,1.1568620544655144,15.375092295347361,25.6252181705209,0.0
5.039243936538696,-1.8583818306017295,-8.009232595558071,-23.718889683092158,0.0,1.8583818306017295,13.98652740851962,23.718889683092158,0.0
5.053020000457764,-2.5262556151421434,-6.263207181081383,-22.35921859678268,0.0,2.5262556151421434,12.319648211604077,22.35921859678268,0.0
5.071413278579712,-2.856564022880779,-5.02351772486202,-20.915150484412255,0.0,2.924817094779973,11.200086676047633,20.915150484412255,0.0
5.082032203674316,-3.239854272417797,-3.091632105970065,-19.916812035457042,0.0,4.057947396510146,9.80738170615953,19.916812035457042,0.20394609295475458
5.095003843307495,-3.3882449280508853,-2.48748994156723,-18.41334569177322,-0.030109171396605544,4.601832848702652,9.307344219494542,18.41334569177322,0.42602531843843616
5.1131205558776855,-3.9110083796402244,-0.6914047049428965,-17.445721826174168,-1.4293468813638077,6.865404769210711,8.336470713939251,17.445721826174168,1.716165382674557
5.130266904830933,-4.45731724756613,0.0,-16.745985964711526,-3.176817989605258,9.590323921035155,7.2671003237509275,16.745985964711526,3.5415165152399632
5.147796630859375,-2.246976960769094,0.0,-15.150186550235638,-2.1514141056922265,3.748412468081101,6.708786238402517,15.150186550235638,2.228104114528115
5.167078495025635,-0.9169288893944381,0.0,-14.712301093561985,-1.7528511151143065,1.2417852022967222,6.128694573102978,14.712301093561985,1.7617137771981606
5.178162336349487,0.0,0.0,-13.354878361897663,-0.065975323743093,1.0722112094088687,6.467727673443945,13.354878361897663,4.636535347876459
5.195440769195557,0.0,0.0,-9.78091373827243,-0.03564086309602996,1.0484566501336163,3.203831387975568,9.911262623598297,5.03930205337327
5.217453479766846,0.0,0.0,0.0,-0.39394573422723084,0.7988484106722262,0.0,9.36317442423007,4.596094738944724
5.22733736038208,0.0,0.0,0.0,-0.5663755145559446,0.6262246933955251,0.0,6.559943011022283,3.996094782032004
5.2520833015441895,-26.443619407042394,0.0,0.0,-0.753305734818636,26.443619407042394,0.0,5.907577112866766,3.5695827875990367
5.274795293807983,-50.63000771856426,0.0,0.0,-8.733869914322659,51.29070800443681,0.0,2.2983201820940105,8.778491023134658
5.288071870803833,-11.40612055850355,-0.08965970926932021,0.0,-44.56091609690265,18.14657595141769,0.08965970926932021,1.305545963175758,45.16416959991102
5.301250457763672,-9.55350664379679,-1.549537591221374,0.0,-30.353497742580476,15.911934986102903,1.8105621362306117,0.0,31.168094403659374
5.315274477005005,-8.172943106167903,-2.2613403130965466,0.0,-27.52100536486355,14.299138749780969,2.658899577349804,0.0,28.281934661439628
5.329740524291992,-5.657079664696428,-2.9162708808287374,0.0,-25.67679425448035,12.079783025810777,3.270486250487963,0.0,26.40135226751089
5.338874816894531,-5.340628833245812,-3.1041286024512997,0.0,-23.041693564159385,11.530524757902059,3.8020168722690983,0.0,23.738554548156333
5.344552516937256,-5.050758186532525,-3.1441238040575192,0.0,-20.641950765261765,11.030401204978558,3.888985511946396,0.0,21.3225240109199
5.3516340255737305,-5.421204594527536,-2.589159617179125,0.0,-18.179886810352897,10.964272156628358,2.929230518526292,0.0,18.866064574229455
5.3690619468688965,-3.593071059969154,-3.23311068904078,-0.7608595798755422,-17.230026850901055,9.47524279829339,4.920609156199682,0.7608595798755422,17.863418564185686
5.374331951141357,-2.7496285967755254,-2.671332103276182,-1.105673050309068,-15.793860919382892,8.641919271201282,4.033683236949814,1.105673050309068,16.429746364129482
5.399850845336914,-2.769923785628048,-1.6634729595805235,-0.9281970641866034,-14.274904313015002,8.286442675770273,2.013033347112493,0.9281970641866034,14.934137971321194
5.407063245773315,-0.0014683744822955175,-3.718358856457269,-4.284863224913625,-15.2031131109922,6.696055915587433,10.990288800024404,4.284863224913625,15.714769419001994
5.419487476348877,0.0,-0.8137116743582238,-1.6261694686421138,-13.494227442708828,5.970283732295649,1.367212903856915,1.6261694686421138,14.12095870248095
5.432002067565918,0.0,0.0,-1.3860625356545586,-13.72959600068466,5.3445593015876485,0.0,2.028176529872895,14.367074918701364
5.447274446487427,0.0,0.0,-0.4134980396017822,-0.755794342046527,0.7679350517993135,0.0,5.121920546163614,2.7995800577493473
5.460404396057129,0.0,0.0,-0.4834606009029868,0.0,1.777727926337647,0.0,5.039823618598499,8.937210798381347
5.482508659362793,0.0,0.0,-0.45519015992354495,0.0,0.5180974302830477,0.0,4.33379797743707,2.8958749128194112
5.488816499710083,0.0,-35.11030088297091,-0.7254515022327072,0.0,1.315008419761557,35.406175149053574,3.797937277336961,7.746079297777305
5.503996849060059,0.0,-44.91333976960615,-0.5943283448854517,0.0,1.467402512114504,46.350269179321145,3.2397891047438176,0.3834065260177243
5.512381553649902,0.0,-14.762717811239105,-2.217985001706742,0.0,0.0,21.773555736507564,2.217985001706742,0.8177000895303911
5.525435924530029,-0.6063003807027423,-12.453673058340701,-45.35127380979508,0.0,1.2132095206693565,18.546011657293867,45.35127380979508,0.1533511802125619
5.544882774353027,-0.9812422530719181,-8.913961318834636,-28.61850068204361,0.0,0.9812422530719181,14.77295771435228,28.61850068204361,0.0
5.562601566314697,-1.8893561093267368,-6.760402985607243,-26.95617230777253,0.0,1.8893561093267368,12.65736993858199,26.95617230777253,0.0
5.583571434020996,-2.6358420734709216,-4.168388414593745,-25.745012930247935,0.0,2.6358420734709216,10.550652080016347,25.745012930247935,0.0
5.598485708236694,-3.247270333162757,-1.6700896053851226,-24.492503215950446,0.0,4.112077611092128,8.922455654736469,24.492503215950446,0.2154401574213292
5.611678838729858,-3.702617297857625,-0.8316710107761418,-22.50194330493536,0.0,5.933094640351162,8.358799262661634,22.50194330493536,0.4087092068600816
5.634807348251343,-3.9253360766223535,0.0,-20.6158618404526,-0.8557565619697611,6.914915557450021,7.932539445108706,20.6158618404526,1.1663544658639444
5.643473386764526,-4.180994891575725,0.0,-19.067555758310508,-2.2203450842609636,8.160185290023929,7.234562926478714,19.067555758310508,2.49808991921614
5.661395072937012,-3.5967669748611053,0.0,-17.561247704714894,-2.657475652420387,6.70518249085516,6.514613304737736,17.561247704714894,2.832082503174703
5.676020622253418,-1.4812186881198466,0.0,-15.961537896490675,-1.5543133369216882,1.6065243006598078,6.165715359438935,15.961537896490675,1.5563979462657598
5.683861017227173,0.0,0.0,-14.699738700623602,-0.6126256552703546,0.7754519267418242,5.236006130563766,14.699738700623602,2.714395015657751
5.699002981185913,0.0,-0.21769660192403073,-13.678303778146155,0.0,0.9575778781414953,6.784561422626602,13.678303778146155,4.7852716971054114
5.708347320556641,0.0,0.0,-3.699033579039114,-0.06943866392939205,0.8421829151912672,1.1669351227920635,4.144893752173014,4.316958671072965
5.727705478668213,0.0,0.0,0.0,-0.24591800396804248,0.631506335754346,0.0,5.750408171995266,3.8840274987168826
5.736587762832642,-58.23176390540537,0.0,0.0,-0.5108066897368198,58.23176390540537,0.0,7.715388976276914,3.348923209308607
5.752950429916382,-31.691971618054136,0.0,0.0,-1.9382460901050669,33.57054788727475,0.0,4.7617242207750525,1.9385096888582527
5.758124589920044,-14.935669254840713,0.0,0.0,-27.286912410633324,20.092277568516938,0.0,1.6672648548261195,27.489636991191283
5.765459299087524,-12.909538812522829,-0.08833181467013097,0.0,-26.523223509521834,17.18543986086451,1.9682965909781482,0.0,27.208212995844754
5.777336835861206,-10.333034434192808,0.0,0.0,-24.895864955037318,14.410491539393462,0.007570781702093261,0.5503085840756302,25.569328397559183
5.790793418884277,-9.592815636693288,-0.6478411275317237,0.0,-22.713196675776892,13.349507180129075,1.1052098103908485,0.0,23.32372627116946
5.804791688919067,-6.192604086082653,-0.8976928380765958,0.0,-22.8771746814958,10.400532742040264,0.9268195689028249,1.304179090151882,23.505467819989885
5.825318336486816,-6.438123300110854,-1.830586235682181,0.0,-21.105008629896297,10.538778492053,1.988372756696443,0.05586806856217057,21.684910296186455
5.8357648849487305,-4.159821533047381,-2.5743621224315913,0.0,-20.664296958927988,8.845509864915545,2.7277735173039277,0.320933220183676,21.235852484698732
5.842157602310181,-4.2246935050045,-2.84677353973818,0.0,-19.039236515890742,8.903941497621851,3.100115219878639,0.01036459602322409,19.599397375872712
5.8575661182403564,-4.6888660767096155,-2.8571067998291317,0.0,-17.20434545966054,9.214165796363167,3.170735377570628,0.0,17.766542065929563
5.8661768436431885,-3.0592079892279207,-3.2253782472728223,0.0,-16.557453998759293,8.106801029096948,4.158080344839361,0.0,17.105308351352527
5.870485782623291,-3.6567394668441615,-2.603145680024433,0.0,-14.814820320731767,8.39510378314192,2.901329092130009,0.0,15.393037535264906
5.879237651824951,-3.8948824771177537,-2.0674493621838392,-0.279471481307114,-13.53930415115222,8.431178504846404,2.284265250158495,0.279471481307114,14.133503051982935
5.894184589385986,-2.9320044750581267,-2.3206015014766397,-1.1440165242443276,-13.097429008585626,7.682275551373745,3.745673684746429,1.1440165242443276,13.659877900631907
5.903964996337891,-1.8937565920997244,-2.1183640894254436,-1.7175163648399172,-12.623584694871337,6.908703776522581,4.159510230110939,1.7175163648399172,13.173472904075
5.922091245651245,-0.2557001868374519,-2.2239113975351876,-2.733736849482958,-12.635507669606179,6.044202023339514,5.955644704650509,2.733736849482958,13.14892651386389
5.938799142837524,0.0,-1.783812361191615,-3.302082981244866,-13.203722107184431,4.876517733748127,6.1426662864113535,3.302082981244866,13.709491955809398
5.950814723968506,0.0,0.0,-0.6855567002564507,-11.788191250257121,3.7536260854231367,0.0,4.274522156976155,12.38136307719637
5.964524030685425,0.0,0.0,-0.3171462677428399,-0.01129338472320559,1.1669545841685545,0.0,5.588840336161783,4.858714466676425
5.99022912979126,0.0,0.0,-0.33259480048984413,0.0,1.1033875452598942,0.0,5.060073313544042,5.416852475759486
5.998709678649902,0.0,0.0,-0.6788780681508648,0.0,1.8490320393041526,0.0,4.341677921702572,10.031867752166702
6.007310152053833,0.0,-64.0957349331779,-0.6305330590976543,0.0,0.28150606878834356,64.54814586563596,3.7086586168061513,1.1719239316199233
6.018491744995117,0.0,-27.912312457736874,-0.5750159922875342,0.0,0.0,31.648422864555037,3.3258945616483984,0.8524362495882833
6.037699937820435,-0.294486420493865,-15.253223883058801,-23.854392434067538,0.0,1.283395167469402,21.934751948927268,23.854392434067538,0.23793291123794122
6.047671318054199,-0.5648539288048886,-10.75830033215858,-39.80201053974758,0.0,0.5648539288048886,17.021883179333425,39.80201053974758,0.13903239578856053
6.059850215911865,-1.4977112212597188,-9.23722194290606,-28.185822142441378,0.0,1.4978051158015677,15.04386458141876,28.185822142441378,0.0
6.074240684509277,-1.9915480691696987,-7.993180327175477,-25.668124211759988,0.0,1.9939869979772396,13.509156254765468,25.668124211759988,0.0
6.0894999504089355,-2.6622852351840587,-5.977566531548435,-24.008590938206353,0.0,2.6622852351840587,11.582790772242308,24.008590938206353,0.0
6.101991415023804,-2.90617198105343,-4.085023383072516,-22.54373498864562,0.0,3.0346347755601055,10.003398595860087,22.54373498864562,0.0
6.110923528671265,-3.051083387994936,-4.218393567279587,-20.240169272765943,0.0,3.415095658721752,9.867484352888601,20.240169272765943,0.09948913831192317
6.124270677566528,-3.3266689127805646,-3.0347792566433447,-18.755628370582443,0.0,4.361509870420159,8.914190864136405,18.755628370582443,0.36096804228972623
6.137450218200684,-3.0351979814325842,-2.900152264356723,-16.867503395053642,-0.36372319670720177,3.651269271498987,8.595050172733352,16.867503395053642,0.47687575740297633
6.147346019744873,-3.1687886821727536,-1.5376103892058928,-15.882282313931466,-1.4775948877949028,5.133255821412743,7.6765745307647,15.882282313931466,1.6483375801258682
6.158463001251221,-2.135732697588124,-1.1382947097749736,-14.468348939090365,-1.4408764413285913,3.143858187115374,7.167539269281214,14.468348939090365,1.5075265502377815
6.166510105133057,-1.8114969817576125,-0.32947874386627235,-13.736299686529314,-1.9871412432960383,3.559426469224335,6.57330732313494,13.736299686529314,2.0709522628021033
6.179816246032715,-1.325831913565939,-0.0013247060360950386,-13.338593309367573,-2.2477070169957547,3.348518857989334,5.881858349851849,13.338593309367573,2.3196512190053094
6.194244623184204,0.0,0.0,-12.662450605457504,-1.2078133336967767,0.52328852737676,5.476537924561062,12.662450605457504,1.7946051972628039
6.209404230117798,0.0,0.0,-9.51753844215112,-0.6292106042031587,0.9586063555492899,1.5696616422355887,9.726124763016587,4.115210505651884
